tweet,label
अबे काले कौवे कभी बकवास करने सए बाज मत आना ।। और कितना गिरोगे ??,1
ये कायर लोग है जो आज इन लोगो के सामने एक आदमी निर्दयता होकर दूसरे व्यक्ति को मार रहा है और ये लोग उसका वीडियो बना रहे है और उस व्यक्ति की मदद के लिए एक भी व्यक्ति आगे नही आया ये आज वो जो बड़े बड़े कैमरो के साथ मीडिया जाता था लेकिन आज नही जाएगा क्योंकि ये हिंदू धर्म का व्यक्ति है,1
बस अब बेचारा बांड्रा ही बेरोजगार बचा भी का अध्यक्ष बना दे न हरामखोर ☝😎,1
तेरा ज्यादा पेट दुख रहा हो तो तू दलित बन जा कर ले धर्म परिवर्तन और बन जा ओर थोड़ा बरनोल लगा ले तेरे पिछवाड़े मे तकलीफ दूर हो जाएगी मोदी से और फिर भी दूर ना हो तो पाकिस्तान चला जा तेरी जेसो की जगह वही है,1
"इन दोनों का खतना कब हुआ? मंदिर में तो कभी दिखे नहीं, ये कैसा दोगलापन है धर्मनिरपेक्षता का?",0
चोर चोर bhai भाई,1
"कम पीटा,और ज्यादा पीटना चाहिए हरामी गोहत्यारों को।।",1
"मेरी मोहब्बत को बकवास कहती है, और हर किसी के साथ मोहब्बत के नाम पर टाइम पास करती है!💔",0
सारे बेइमान कांग्रेस के साथ,1
वो जो भी लगे पर तुमको देख के लगता है कि रंडी ही हो,1
क्यूं वो भी चोकिदार की तरह चोर है क्या जो बोरी चोर लेगी 😛😛😂😂,1
तेजू भाई : PM में बनूगा 🐩 बुआ : PM में बनूगी 👩 ममता बानाें : PM में बनूगी टाेटीचाेर : PM में बनूगा पप्पू गांधी : सब बेबकूफ है जब तक में हूँ तब तक PM माेदी ही रहेंगे 💪,0
"*राममंदिर को लेकर BJP पर तंज कसने वालों से पूछना चाहता हूँ !श्री राम""क्या सिर्फ BJP&amp;RSS वालो के है।और बाकी सब बाबर की औलाद है क्या",1
उस पप्पू को कौन पूँछता होगा नौट्न्की ही कर रहा होगा,0
साली दोनो की टूटी का कवर नहीं है ।।।,1
जनेऊ तो पहले ही गुड गोबर था,1
😐हर लङकी का इमोशनल वैसी लङकी नहीं 😑😒 😥😓,0
नरेंद्र मोदी की विष्वसनीयता कम हुआ कि नही ये तो हमे नही पता पर तुम्हारे दिमाग मे पूरा गोबर भरा है ये पक्का है जो ऐसी पोस्ट करते रहते हो,0
हरामखोरों को बदलने में अभी काफी समय लगेगा,1
चुतिया तेरे पास और कोई काम नहीं है?,1
इ ससुरुे तो बड़का देशभक्त है अंडभक्त कहा,1
पागल पप्पू 😜😂😂,1
"एक कांग्रेसी रात को घर देर से पहुंचा तो उसकी पत्नी ने कहा ! ""खाना खाओगे"" या आज भी ""तलवे चाट"" के आए हो ??? 😜😛😛",1
साले हमे पागल समझ लियॉ है मोदी जी यह सब तेरे बाप को लाकर देते,1
दूसरे धर्म मे टांग अड़ाने वाले अपने धर्म की भी बात कर लिया करो कब तक अपनी अम्मी बहन ओ होती ही नही कब बीबी बन जाये पता नही हलाला से बाहर निकालो गे ।।,1
"शाखा पर प्रतिबंध लगाने वालों याद रखना संघ की सिर्फ पैंट बदली है, लट्ठ आज भी वही हैं पिछवाड़ा सुजा",1
तू तो कर लेता है न समय पे वफादारी ओर दलाली तू गोदि मिडिया का सबसे बडा सबूत है आ थू,0
पहले गधी को घोड़ी बनाया अब गधे को घोड़ा बना रहे हैं,0
चोर को सब चोर ही नजर आते है।,0
"संसद में बैठा कैमरा मैन भी लगता है जानबूझकर राहुलवा पर नजर बनाए रखता है, ताकि कौनो सूतियापंथी करे और लाइव दिखा 😂😂",1
"से अपनी मां सहित जमानत पर बाहर है राफेल के मुद्दे पर धोबी पछाड़ खाकर अखाड़े में गिर चुका है चारों खाने चित हो चुका है जिसे बुआ बबुआ ने नकार दिया है बेशर्म बेहया, इस देश की कुर्सी से इतना प्यार है देश से बाहर नहीं जाना चाहता",1
"साला मच्छर भी उल्टी करने लग गया,, जब कांग्रेसियों ने कहा कि👇 देश भक्ति हमारे खून में भी है 😂😄😋",1
तुने इस बार चमचा गिरि करने का कितने करोड लिये शादी का खर्चा चमचा गिरि मे से ही निकलेगा,1
किसी को बेइज्जत करना मोदी सरकार के काम अंधभक्तों से पूछना एक ही बात है पिछवाड़े में आग लग जाती है अंधभक्तों के काम पूछ लो अंध भक्तों से बेचारों की सूजने लगती है,1
ओर हाँ थूक कर चाटना केजरीवाल से सिखा है क्या तूने,1
राहुल फेल हुआ तो राफेल ले आए राफेल फेल हुआ तो EVM Hacking Show ले आए वो भी फेल हुआ तो साड़ी वाली प्रियंका ले आए। हद है ??,1
राहुल गाँधी जब अमेरिका में ड्रग और लाख USDollar ले जाते कस्टम में पकड़े गए थे!तब तत्कालीन पीएम अटल बिहारी बाजपेयी जी ने बचाया था! पढ़िए कांग्रेसी चमचों तुम्हे यही राहुल चाहिए बतौर पीएम! चुल्लू भर पानी मे डूब मरो कांग्रेसियो !,1
नरेंद्र मोदी और भाजपा दोनों भ्रष्टाचारी है : तेजस्वी यादव जैसे इसका बाप तो स्वतंत्रता संग्राम में अंग्रेजो के खिलाफ युद्ध की वजह से जेल काट रहा हैं 😕😆,1
"नकली पी एम एच ए एल का पेच लगाने लगे देश सुरक्षा जाये भाड मे 2G, CWG, COALGATE,AGUSTAA आदि की कमाई पचाने लगे दलाल मामा की निरंतर खोज मे समय बिताने लगे 8साल मे दलाल मामा तो न मिला सता खो बैठे आया चौकीदार बिना दलाली के देश सुरक्षा हेतु 36 राफेल खरीद डाले",1
RT sir_jenishpatel: थूक कर चाटना तो कोई दिल्ली के मालिक घुघरू शेठ से तो बदलने आये तो आम आदमी तो भ्रष्टाचार मुक्त करने पास 370 पन्नों का सबूत सब ब…,1
"हिन्दू लडकिया पढ़ लिख कर अधिक भ्रष्ट हो रही है मुस्लिम लड़के नाम बदल कर इन्हे आसानी सेअपने चंगुल फ़ांस लेते है,फिर धर्म परिवर्तन,फिर रखैल।",1
"मैंने जनता की समस्या काफी बार आपको बताई थी,पर आपके चमचे आप तक बात नही पहुंचते हैं,",1
राहुल! ई कौन है भाई हम तो इसको पप्पू के नाम से जानत रहा,0
"भक्तों कि अक्ल ठिकाने पर हैं, पर चमचों कि अक्ल कहाँ",1
एकदम चोदने के लायक,1
"पशुओं , जानवरो के मल मूत्र स्थान को खाना उचित तो! गोवर आदि से जलन इतना ज्यादा दोगलापन आया कहाँ से!!🤔",1
"रामचन्द्र कहें सिया से एक दिन कलयुग आएगा , जनता रहेगी भुखी प्यासी, पप्पू सबको लुटकर इटली भाग जाएगा",0
"आज देश मे मिशनरियो के काली करतूतों की धूम मची है फिर भी अभी तक एक भी पादरी जेल में नही। जब कि निर्दोष संत Asaram Bapu Ji जो बिलकुल निर्दोष है और निर्दोष होने के पुख्ता सबूत, फिर भी उन्हे क्यो नजरअंदाज किया जा रहा",1
भक्त होना ज्यादा अच्छा है चाटुकार होने से।😂😂😂,0
अरे झोपडी वाला। तोरा से का होई ।।।ओहि देशद्रोही नारा।।धिक्कार है तोरा पे।।,1
बिल्कुल अंकित जी बिरयानी के साथ साथ पीडीपी के साथ सरकार बनाने वाली दोगली नीति सरकार की हम विरुद्ध है उसे देशद्रोही मानते हैं इसमें कहीं कोई दोराय नहीं है,1
एक वदेशी मम्मी थी एक पप्पू एक पिंकी थी एक टूटी हुई थाली थी हजारो चमचो की गिनती थी गोटालो का फंदा था देश उसमे बनदा था लूट लूट के खाते थे फिर वी बहुत घुराते थे थाली गई टूट अम्मी गई रुठ नई थाली लेनी है बोल बोल के झूठ 😎😋,1
इस देश का वोटर बहुत भुलक्कड है इसलिए या दो कौड़ी के लोग अपने कहे से पलट जाते है। जिसको गाली देकर राजनीति में आये उसी के मूत्रपान के लिए तैयार बैठे है।,1
तू सिंधिया कायर है और मैं कायरों पर तलवार नही उठाती ~ झांसी की रानी Epic scene Solid Movie Manikarnika👍,1
औकात पता चल गया जयचंद को,1
पहले अच्छे तरह अपना पिछ्वाड़ा तो साफ करना शिख लो टोटी चोर फिर मोदी जी को हटाने का सपना देख,1
चोर इटालियन लेडी और उसका कुत्ता पिद्दी भी है,1
तुम अंडभक्त कभी गोबर और मूत्र से आगे नही बढ़ सकते क्योंकि तुम्हारे दिमांग में तो बस गोबर और मूत्र ही भरा है तो तुमसे इससे अच्छी भाषा की क्या उम्मीद की जाय,1
सारी नसीहत बीजेपी को दे दो कोंग्रेस को कुछ ना कहना चटूकार पत्रकार।,1
बेलगाम मोदी की तरह इच्छा है,0
कलाम साहब को लाओ तभी मु सलमान मसझेगा ओवैसी तो कुता है,1
हम मोदी को हारायेंगे ओर देश का विकास करेंगे - चमचे विपक्षी साला 70 साल क्या दारू का ठेका चला रहे थे क्या 🤣🤣🤣🤣,1
"पाश्ता ,समोसा, वाला पत्रकार 😂😂😂😂",1
जब झूठ और सही का अन्तर समझने वालो का देश मे अकाल सा पढ़ गया हो और जनता बुद्धि की भुखमरी की शिकार हो गयी हो उपर से खबरो रूपी जलश्रोत का कुंआ झूठा गोदी मिडीया हो तो ऐसे हालात बनने तय है,1
"Sant Shri Asaram Bapu Ji के साथ उस कुटिया में जाते लड़की को किसी ने नहीं देखा, तो फिर न्यायालय ने क्यो की?? in Dis Fake Case",0
Safed Musli ke Fayde !! सफेद मूसली मर्दों की शुक्राणु को बढ़ता है via,0
और गठरियों और सबूतों के साथ शीला दीक्षित को जेल की सलाखों में पहुँचाते हुये युगपुरुष रायतावाले,0
बिलकुल हटना चाहिए अमित शाह को क्योंकि यह व्यक्ति ही वैमनस्यता और उन्माद का आविष्कारक है जुमलेबाजो का सरगना है गलत नोटबंदी और गलत GST का प्रभारी है सिर्फ अपना पैसा को काला से सफेद करने के लिए मोदीजी का आभारी हैं जय शाह का व्यापार 16 गुणा कर दिये बेरोजगारों को झूनझूना थमा दिये,0
अबे बीजीपी के पिच्छले सालसे सिर्फ कहता जा रहा है की गांधी परिवार चोर है भष्ट्राचारी है । फिर मोदी को हम नें क्या दुनिया पर्यटन करने को चुनके दिया है क्या ? करो ना उन्हे टिव्ही पर चिल्लाने की बजाय उन्हे जेल भेज फिर टिव्हीपर आजा,1
भारत में एक ही तो चोर है,0
"कांग्रेस के एजेंट जो भेष बदल कर नोटा , आरक्षण विरोधी ,और अनेक नामधारी सेना वाले हैं वो खिसियानी बिल्ली खम्बा नोचने वाला विरोध करेंगे।",0
उल्टा चोर कोतवाल को रिलायंस जिओ 27-12-2015 को लॉन्च हुआ भाजपा की जित 2014 मैं हुई तो फिर EVM हैक कैसे हुआ ? और दोनों इसका जवाब दे . जनता सच जानती है. जुठ फैलाना बंद करो,1
बकलोल के बकलोल ही रहोगे हमेशा।।।,1
"सर इसीलिये जी और उनकी कांग्रेस को वोट नही करेंगे हम लोग , क्यो की ये लोग सत्ता के लालच में देश को झूठ पर झूठ बताये जा रहे है , सत्ता का इन्हें शराब जैसा नशा है जिस नशेड़ी को वो न मिले तो बौखला जाता है । इसी तरह कांग्रेसी बौखला गए है ,",1
"Sant Shri Asaram Bapu Ji पर POCSO Act लगाने की बदनीयत से, लड़की को बताया नाबालिग| लेकिन के चलते १३ डॉक्यूमेंटस् मे बालिग साबित होने पर भी, निर्दोष संत को मिली",0
अगर आप मिले भी नही फ़िर राशन कार्ड कैसे बना बदनामी और ज़लालत में फर्क ना कर पाने वालो जाते जाते पप्पू मूत्र का स्वाद भी चख लिया जाए I 🤓🤓,1
नवाज़ नहीं होने दी तो सारे कुत्ते एक साथ भोंकने लगे वंदेमातरम बंद कराया तो एक भी कुत्ता नहीं भोंका तुमने अपने ईमान को बेचा है चमचो,1
"आपने बोला तो मेको सच मे लगा🙈 आप सब बहोत बदमाश हो, यू ऑर सो नॉटी😍",1
चौकीदार चोर तो था भी अब निकम्मा भी है,1
मोदी और भाजपा दोनों भ्रष्टाचारी है :तेजस्वीयादव और इसका बाप तो स्वतंत्रता संग्राम में अंग्रेजो के खिलाफ युद्ध की वजह से जेल में है ।,1
कांग्रेसी और आपियो के लिए राफेल का समझ जाओ अब तो! 😁,0
डिप्लोमची सड़कछाप पत्रकार,1
बलात्कारी बिशप का विरोध करने वाली 4 नन को कॉन्वेंट से निकाल दिया गया । कोई हिंदू संत होते तो मीडिया छाती पीटने लगती,1
"एक मिसिंग है, काश जुमले बाज़ के मुंह को भी लकवा मार जाये तो देश की जनता को लम्बी लम्बी सुनना ना",1
"जो आलू से सोना बनाने की बाते करता है!! जो नेंशनल हेराल्ड पर बेल पर है!! जो बोफोर्स, आगस्ता लड़ाकू विमान घोटाले पर मुह छिपाता हो!! जो मिशेल मामा, वाड्रा जीजा के कारनामो पर मुह छिपाकर भागता हो!! वह कौन शक्ल से श्रीमान जी के पास जायेगा!!",0
आपकी नई टीम नई बोतल में पुरानी शराब । कितनी वंशवाद फैलाओगे ?? कभी नीचे वालो को भी मौका दो । 65 साल से लूट रहे हो चोरो,1
बिल्कुल सत्य ऐसे गद्दारों ने ही देश को बर्बाद कर दिया,1
गांधी क्यो ? वाड्रा क्यों नही ?,0
"कोंग्रेसियों की माने तो फरोज खान को गाँधीजी ने गोद लिया और फरोज खान हिन्दू बनगया मैंने जितना पढ़ा और समझा की गाँधीजी बनिया थे तो राहुल गाँधी ब्राह्मण कैसे हो गये मेरा मकसद जातिवाद नहीं पर झूठ का पर्दाफाश होना चाहिए राहुल गाँधी कौन है हिन्दू,मुस्लिम,ब्राह्मण,बनिया? सफ़ेद झूठ",0
"नाव में कोई कमी नही, नाव में बैठे कुछ बहरूपिये है जिसमे कुछ कांग्रेस के कुछ बीजेपी के है जो लालच लोभ में आ कर नाव से सिर्फ कूद नही रहे, बल्कि खुदकुशी कर रहे है, पहले भी इस नाव से कूदने वाले सभी लोगो का इतिहास उठा कर देख लो ..",1
दलाली का पैसा बांटने में दिक्कत न हो इसलिये कांग्रेस राज में भारत के सभी रक्षा सौदे दुबई के बुर्ज खलीफा मैं होते थे (मिशेल),1
आप ही सवर्णो के सबसे बड़े दुश्मन हो सर।,1
नकली किधर है फिर🙊,0
फिर भी कांग्रेसी को समझ नहीं आएगा।,1
"सब से ज्यादा इसी की फट रही है मोदी जी से न जाने क्यों कुछ तो गड़बड़ दया पता करो ,🤣🤣🤣",1
"सर्वे तो 2014 में भी मोदीजी को प्रधानमंत्री बनाने के पक्ष में नही थे पत्रकार महोदय, लेकिन जनता ने उन्हें बनाया और इस बार भी सभी दोगलों का मुंह काला करके जनता उन्हें फिर प्रधानमंत्री बनाएगी !",0
लेकिन सारा मिडिया हमलावर का नाम क्यो छुपा रहा है! पेट्रो डाँलर ने मिडिया का मुह किस तरह बंद करके रखा है! ये बात देशा की जनता को समजनी चाहिये!,0
लो जी शुरू हो कस्टम ने पाकिस्तान से आया 125करोड़ का ड्रग राजस्थान से बरामद किया। उड़ता गहलोत! झूमता राजस्थान!! ⛳😜😜⛳,0
हिन्दूओ और हिंदुत्व के दुश्मन सेक्युलर हिन्दू है,1
पहले कांग्रेसी टोटी मूत्र पीते थे अब झरने का मूत्र भी पियेगे,1
"अब क्या जवाब देंगे ये, लेकिन ये अच्छा नहीं किया। विजेपी की तरह कोंग्रेस भी दोगली हैं। लोग यही कहेंगे और विस्वास भी नहीं रहेगा। समय रहते संभले और न्याय करे। हमने भी आपका ही साथ दिया, उसी कारण कोंग्रेस आयी हैं।",1
"RSS और इसके सपोले ( ABVP) हीं हैं असल देश तोड़क और टूकड़े- टूकड़े गेंग। अंगरेजों की दलील महात्मा गांधी की हत्या बाबरी को ढाहना गुजरात का दंगा अफ्जरूल, मिंहाज, जुनैद, आशिफा जैसे सैकड़ों इनसानों की हत्या में शिद्ध था और आज भी शिद्ध",0
इस छोटी सी क्लिप ने अरविंद का सारा सच देश की जनता को दिखा दिया की कुर्सी का भूखा कौन है,1
घूंगरू सेठ में हिम्मत है तो दोबारा काशी से चुनाव लड़ कर तो दिखाएं 😅,1
"कुर्सी प्रधान मंत्री ——घोड़ा नाल ठुकवा रहा था , रेस लगाना थी,ये देख मेंडकी ने भी अपना पैर आगे कर दिया और कहने लगी मेरे भी नाल ठोक देना !",0
"रिहा जमानत पर जो राहुल,हरिश्चन्द्र का पौत्र हुआ, दादा शुद्ध पारसी जिनका बामन उनका गोत्र हुआ, छद्म विरासत वाले,सच्चाई कमज़ोर बताते हो, लूट पचाकर पले हुए मोदी को चोर बताते हो, न्यायालय उच्चतम तुम्हारे सारे भांडे फोड़ गया, और तुम्हारी ठगी कथाओं में इक पन्ना जोड़ गया,",1
"एक हैं 👇 भयभीत हैं🙄 👉भारतवासियों की छवि को बिगाड़ते इनके बयान व इस्लामी आतंकियों को दबाते ऐसे लोगों की आखिर मंशा क्या है? 👉 किससे है झूठा डर? 👉वीडियो का अंतिम अंश thread मेंं है, कृपया अवश्य देखें🇮🇳",1
ना जाने ऐसी क्या खास है में जिसको पी कर कांग्रेसी इतने बेशर्म हो जाते हैं 🤔 राष्ट्रगीत पर बैन लगा कर आखिर यह किस मुंह से यह ऐसे सवाल कर रहे हैं ??,1
"CBI खराब है क्योंकि वो कांग्रेसियों का भ्रष्टाचार उजागर करती है। EC खराब है क्योंकि EVM की वजह से भाजपा जीत रही थी,अब EVM अच्छी है। ED खराब है क्योंकि राष्ट्रीय दामाद वाड्रा और चिददम्बरम के दफ्तरों पर छापे मारती है। SC खराब है क्योंकि राफेल मामले पर सरकार के हक में फैसला देती है।",1
मेरे दो सवाल 70सालों से गंदगी जमी है ?(जैसे कि भ्रष्टाचार-घोटाले-दलाली-धोखा-बेईमानी)कैसे दूर हो सकती है? क्या बुद्धिमान महान व्यक्ति बता सकते हैं ? उत्तर दें सवाल न:-2 पूरी दुनिया में सिर्फ भारत देश एक ऐसा देश है जिसमें सभी धर्म एक साथ मिलकर रहते हैं क्या कोई और भी देश है ?,1
"राहुल गांधी ने कहा गांधी जी ने ""अहिंसा"" से सीखा। और ""अहिंसा परमो धर्म"" आतंकियों ने लिखा, नरेंद्र मोदी जी ने हिंदी बोलना सोनिया गांधी से सीखा और ""ब्रम्हचारियों ने ब्रम्हचर्य का पालन करना जी से सीखा"", , , है न शहज़ादे? 😝😝😝",1
जिस प्रियंका वाड्रा को चमचे दुर्गा मां का अवतार बता रहे हैं न उसके बच्चों का नाम रेहान और मारिया है सोचा सबको बता ही दे😋😛,0
री असेसमेंट :2011-12 के साल में राहुल सोनिया पर आयकर की देयता 100 करोड़ निकली ही टेक्स चोर है इसलिए चौकीदार को चोर बताते है,1
मेरी फितरत में नहीं अपना गम बयां अगर तेरे वजूद का हिस्सा हूँ तो महसूस कर तकलीफ से ज्यादा बस तुमही को चाहा है पल भर भी हम जुदा हो एेसी सजा ना देना। आप का अपना भाई। भावी विधायक चो: मामन खान इंजिनियर जिंदाबाद।,0
दरबारी वकील भी।,0
कांग्रेस वंशवादी है भाजपा राष्ट्रवादी है।,0
"करो, चाटुकारिता की भी हद होती है जनता सब जानती है",1
"एक दम सत्य कहा जी इनका तो बस यही नारा “अपना काम बनता भाड़ में जाए जनता “ मुँह में राम, बग़ल में राफ़ेल की दलाली, नौटंकीबाज़ है ।",1
"शर्मनाक,बेहद शर्मनाक के कार्यक्रम में के ने के प्रतिभाशाली प्रवक्ता जी को “बेटा” शब्द से संबोधित किया। किसी भी के के में ऐसी लंपट/रोडछाप शब्द पहली बार सुना🤯🥶👎",1
"साहेब जी कर्म जो किये है वो भुगतना ही पड़ेगा,,,, हार्पिक पटेल,,,, एक देश का सबसे बड़ा गद्दार 👈👈👈👈",1
प्रधानमंत्री का प्रेस काॅन्र्फेस नही! जनता को गुमराह करने का लौलीपोप था! चौकीदार ही चोर है!,1
यही लौंडे देश को मेडल दिलाते बाकी जॉनसन बेबी कालांतर में बिगबॉस में पार्टिसिपेट करते हैं 😄💖,0
सिरीयल् कोनसे मुस्लिम् बना रहे हे वो भी तो चुतिये हिन्दू ही है जो बिना स्टोरी जाने लगे हुए हे अपनी एक्टिंग दिखाने में,1
फेकू भक्तों का 2019 में सफाया हो जाएगा और चौकीदार ही चोर है,1
रोहित सर काँग्रेस वाले लोग पागल हो गये हा. अगस्ता हेरलँड केस मे उनको मालुम है सोनिया गांधी ओर राहुल गांधी गये तो काँग्रेस पार्टी के 5 seat भी नही आयेंगे,1
एक मच्छर की जान 50 संघियो से ज्यादा कीमती होती है - नाना पाटेकर (विश्व रत्न),0
"अब सारी हद खत्म रंजन गोगोई की मां का भो मंदिर तो 31 जनवरी को ही बनेगा मादरजात तारीख देकर अपनी मां बहन का हलाला करने जाता है क्या,,??",1
लालू को हमेशा बिहार के सिर्फ जनता से ही नहीं पशु से भी आँख मिलाने मे शर्म आयेगी क्योकि उसने पशु का चारा चोरी कर लिया,1
"संजय जी, Bjp और संघ से इतर भी भद्र जन हैं राष्ट्र के प्रति समर्पित, प्रणव दा उनमे से ही है, कांग्रेसी काजल कोठरी में रहकर बेदाग, सुदीर्घ संसदीय जीवन, सबसे बड़ी योग्यता यह, की राजीव कुनबे के कभी भी किचन कैबिनेट के मेंबर नही रहे, फिर भी अपैक्स पोस्ट पाते रहे, सटीक चयन हैं दादा",1
एक और भ्रस्टाचारी अपने आप को बचाने के लिए राजनीतिक हथकंडे अपनाने जा रही है।,1
महा गांठबंधन ठगों की टोली है जो चोरी और देश को कमजोर करने की तैयारी में है।,0
पूरा कुम्भ घूम घूम कर ndtv वाले उसमे कमियाँ ढूंढ रहे हैं उन्हें एक शौचालय मिल ही गया जिसमें पानी की कमी है हो 😁😁,1
टूटे डिवाइडर बने खतरा - दैनिक जयंत,0
काग्रेस के गुलाम सत्ता हासिल करने के लिये झुठ पर झुठ बोले जा रहे हैं फेक न्यूज फैला रहे हैं ऑडियो में ये X कोन हैं दूसरा उस में रफेल की कीमत का कोई जिक्र नहीं है ऑडियो की जांच करानी चाहिए फिर झुठ बोलने वालों पर केस दर्ज करना चाहिए।,1
राष्ट्रवादी पत्रकारिता है लेकिन कभी-कभी जैसे कठुआ मामले में गद्दारों के सुर में सुर ही मिलने लगते हैं और बिना जांचे पड़खे ही हिंदुओं को भी गाली देने लगते हैं और दोषी ठहराने लगते हैं,1
"कांग्रेस केवल उन्ही नतीजों और फैसलों को सही मानती है जो कांग्रेस पार्टी और नेताओं के पक्ष मे आते है। देश में कुछ भी कांग्रेस के खिलाफ होता है तो देश मे अराजकता, असहिष्णुता बढ जाती और संविधान खतरे में आ जाता है।",0
ओबेस्सी असल मुसलमान नहीं क्यों कि उसे मालूम नहीं कि जो मुसलमान थे वह तो पाकिस्तान चले गए थे जो यहाँ है वो भारतीय हैं और अब वह अपना भला बुरा समझते हैं । जिन्होंने उनको ७० साल अँधेरे में रखा उनको धूल चटाएंगे ।,1
आपलोग जो बोलना ह बोले लेकिन मोदी जी को हराना शेर के मुह से निवाला छिनना औए प्रियंका जी के आने से सपा बसपा को खतरा क्यों नही बोल रहे ह सबसे बड़ा खतरा उन्ही लोग का ह,0
"दिमाग का दही कर दिया, सारा खून जला दिया, सारा राईता फैला दिया इंडिया को एक अनपढ देश की तरह पेश कर दिया।!!!! 😇😇😈😈",1
Sant Shri Asaram Bapu Ji के जेल जाते ही अब हिन्दू धर्म के मुख्य आयोजनों में भी ईसाई मिशनरियां धर्म परिवर्तन करा रहे,0
यहां कवि कहना चाहता है कि आज भी मोदी जी राहुल के बाप है।,1
"घोड़े की लात का, मुम्बई की बरसात का, कश्मीर के हालात का, राहुल गांधी की बात का और चमचों की जात का कोई भरोसा श्री राम🙏",1
प्रियंका गांधी तोप हैं - कांग्रेस तो अब तक गुलेल से क्यूं खेल रहे थे ( राहुल गांधी )😂,0
अरे bc मीडिया इस सूवर की बात को इतना imp मत,1
"2019 यूपी/बिहार से जातीयता के बुतों वाली ताकतों को घर बैठाना हैं तैयार रहियेगा,नो सपा नो बसपा नो RJD नो नोटा ओनली सोता फॉर",0
"नां दबे नोटा इसीलिये लाये 10% कोटा, अबके जनता थमा देगी मोदीया को शौचालय का लोटा। 😜🤭😂",0
त्रिपाठी ख़ानदान की बहु है तिरपाठी का ही बि****J जाएगा 😝😝,1
ऐसे लोग सत्ता से पोषित होते है जिनको ठेका दिया गया है मत भृष्ट होने के कारण देश मे नफरत का विष फैलाने का,1
"पटेल, गुर्जर, जाट,मराठा,आन्दोलन कर आरक्षण मांगते थे ,आज तक नहीं मिला लेकिन सवर्णो को बिना मांगे मिल गया मतलब बीजेपी सवर्णों की पार्टी है, अब क्लियर हुआ।",0
"सुप्रीम कोर्ट ना तो राम मंदिर बनाने दे रहा है,ना रोहिंग्या को भगाने दे रहा है, और ना कश्मीर हिंन्दुओ की सुनवाई कर रहा है।",1
किसको कह रहे हो शुभम जी धैर्य रखने के लिए कुछ हिन्दू सालो के पूर्वज मुगल है उनका तो पता ही नही चलता की हिन्दू है कि साले,1
"चोरों से देश को जरुर बचाना है, मगर जिनहो ने 60-70 सालों मे देश को लुटा है।बिना काम धंधे से हजारों करोड़ के मालिक बने हैं।जैसे गांधी परिवार,जिजाजी परिवार, लालु यादव,मुलायम यादव ओर मायावती परिवार।",1
और जिन्की है ही नही वो?,0
सही है चाची 420,0
गुस्से की लहर में जाने से पहले पुलिस बुलेट प्रूफ और Ak47 ले कर सारे गेरुवा तिलचट्टे देखते ही हवा हो जाएंगे 😂😂,1
एक बात समझ नहीं आती की हर बात में ज्ञान बांटने वाले किसी भी कांग्रेसी को आंतकवादियो के मरने पर पोस्ट लिखते नहीं देखा है ऐसा क्यों?,1
"जब से गए हैं मामा शिवराज, मध्यप्रदेश में गुंडाराज का हुआ",0
अरविंद केजरीवाल यू पी तो चले जाते है किसी के मरने पर उनकी राज्य मे रोज हिन्दुओ का कत्ल हो रहा है रोहिन्ग्या और मुस्लिमो के द्वारा पर उनकी जबान बन्द है ऐसा इन्सान उरी क्यो देखने के लायक नही जो आतंकवादी के साथ खड़ा होकर हमारे फौजी पर सवाल उठाता है,0
"राफेल पर झूठ फैलाकर देख लिया, ज़नेऊधारी पंडित बन कर देख लिया,EVM का तमाशा बना कर देख लिया प्रियंका वाड्राको उतारते है !",0
बिल्कुल ठिक जनता भी पीजा कर बैठी है आजा 2019 मे दिल्ली से तेरे बाप का सफाया और बेगुसराय मे जमानत जब्त,0
महात्मा गांधी का कत्ल और बाबरी मस्जिद गिराना एक जैसा - अय्यर अय्यर का जन्म और खुजले कुत्ते की पैदाइश एक जैसी - अय्यर के पापा 😂,1
बकवास है,1
ठग ऑफ हिंदुस्तान चोरों का कंपनी ठगने वाली कंपनी मेरे पैसे खा,1
"""पप्पू , डॉक्टर से :-- क्या आप बिना दर्द किये भी दाँत निकाल लेते हो ? , डॉक्टर :-- नही तो ! , पप्पू :-- मै निकाल लेता हूँ ! , डॉक्टर :-- कैसे ? , , पप्पू :-- ही ही ही ही ही ही हा हा 😜😂😂😂😂😂😜""",0
अब तो ये बारदाशत के बाहर हो रहा है। ये कॉंग्रेस वाले हिंदू धर्म का सहन शक्ती की सीमा लांग रहे है।,1
"निरभ मोदी,ललित मोदी,विजय माल्या,मेहुल चौकसी का ही बेटा टीवी पर बोल सकता है। महिंस चराने वाले को INDIA में अधिकार नहीं है",0
जिस समय 22 ठग एक टेंट में बैठे थे! वही दूसरी और मोदी जी भारत निर्मित टैंक पर बैठे थे।,0
समाजवादी पाटी एक घोटालेबाज पाटी है आएगा मजा .,0
तिहारिलाल आप किसकी चाटुकारिता करते है वो आपके इस वीडियो से ही पता चल जाता है पूरे देश को। आप किसके प्यारे बनना चाहते है और किसके कार्यक्रता और जमात आपको पसंद करती है पूरा देश जनता है। 😂😂,1
"लेकिन चोर डकैत जमानत ज़रूर लेते हैं , जैसे माँ बेटे ने जमानत ले रखी है ।",0
सड़ जी को टूचिया रत्न ही काफ़ी हैं,1
ये फिर का जला!!,0
सरफिरा नौटंकीबाज पंतप्रधान😂,1
थप्पड की गूंज क्या होती है यह केजरीवाल और अग्निवेश से पूछ लेना।,1
कांग्रेस पार्टी के नेता सजा राहुल गांधी ओर सोनिया गांधी घोटाले क्या है उसको सजा दी गई तो जमानत पर रिहा क्यू हुआ इसका जबाब दे कांग्रेस,0
किसी कांग्रेस कार्यकर्ता ने स्वीकृत की है। कि कांग्रेस ने वकील लगाए हैं इसका प्रमाण ये रहा 👉 जो भजपा के बकील है बो क्या ताली बजाने जाते है कि कोर्ट,0
"सुप्रीम कोर्ट ने कहा आलोक वर्मा प्योर है। मतलब बिल्कुल साफ भाइयों- बहनों , जी हां वर्मा को हटाने वाला चौकीदार ही चोर है।",1
ऐसा kon सा यादव नेता है जो सवर्ण का रिजर्वेशन pr तो बहुत कुछ बोला लेकिन आजतक अहीर रेजमेंट pr कुछ नहीं बोला वो kon है,0
सत्ताधारी तोते से डर रहे है वर्मा dismiss again#,1
पर मोदी जैसा तानाशाह नही जो कभी इतिहास में नही हुआ वो किया,1
*जिस पार्टी का अध्यक्ष पप्पू पार्टी संसद में कागज के जहाज ही उड़ाएगी*,0
"सुप्रीम कोर्ट ना तो राम मंदिर बनाने दे रहा है,ना रोहिंग्या को भगाने दे रहा है, और ना कश्मीर हिंन्दुओ की सुनवाई कर रहा है। एक तरह से सुप्रीम कोर्ट भारत के लिए पाकिस्तान बन रहा है जज बनने की काॅलेजियम सिस्टम को बदलना होगा तभी देश का भला होगा।",1
"प्रियंका वाड्रा का धर्म अभी घोषित करवा दो ताकि चुनाव के समय में लफड़ा नहीं होना चाहिए, मुस्लिम, ब्राह्मण या ईसाई ??",0
समर्थ को नहीं दोष गुसांईं,0
हिन्दू बेशर्म हैं अपने ऊपर गोलीबारी करने वाली पार्टी को वोट देकर जीता दिया यह है हिन्दू ऐसा हिन्दू राम मंदिर नहीं बना सकता है राम मंदिर बनाने के लिए हिन्दुओं को एकजुट होना पड़ेगा,1
अबे कालू भारतीय पुलिस या सेना की योग्यता पे तुझे भरोसा नही तो अपने बच्चो को बॉर्डर पे भेज दे या तू अपनी सुरक्षा को ध्यान में रखते हुए सुरक्षित जगह चला जा देश को अपने जवानों पे भरोसा है और उसी भरोसे देश चेन की नींद सोता है।,1
थारे राजी राजी पल्ले कोनी पड़े कैसे ख़बला🤔🤔🤔🤔,0
जब लोग बोलते हैं visionary मन करता चप्पल कहाँ है मेरा.,0
सुजा की साजिश को देशवासी अच्छी तरह से जानते हैं लेकिन किसी दल का ईतना मानसिक दिवालियापन यह कभी सपनें में नहीं सोचा था।,0
काका! क़तई कम दिमाग़ वाली बात! कब समझोगे? जीभ घिस नहि गयी क्या अब तक?,1
काश मोदी जी प्रधानमंत्री होते न्यायालय के निर्णय के बादअध्यादेश लाते ताकि अय्यपा मंदिर की पवित्रता बची रहती 😄😄😄,0
राहुल गांधी लाओ देश बचाओ 🇮🇳,0
MP में एक स्कूल टीचर ने कमलनाथ को डाकू कह दिया तो उसे सस्पेंड कर दिया मोदी को राहुल बाबा चोर कहते नीच कहता मौत का सौदागर कहता मस्ती में सब घूम भी रहे बुद्धिजीवियों और मीडिया को लगता है कि मोदी तानाशाह,1
तो सबसे पहले केजरीवाल जी का नंबर है पार्टी छोडने कब कर रहे है ये शुभ काम??😉😉,0
"रोहित भैया ये बात आशुतोष जी को नही समझ में आएगी क्योंकि ये भी '""एकतरफा नैरेटिव'"" वाले वामपंथी पत्रकार ही हैं",0
"लोक सभा मे अफ़ग़ानिस्तान, बांग्लादेश, पाकिस्तान से भारत मे धार्मिक भेदभाव से त्रस्त होकर आए हुए अल्पसंख्योंको (हिन्दू, सिख, बौद्ध, जैन, पारसी व इसाई) लोगो को भारत की नागरिकता प्रदान किये जाने वाला विधेयक जी के नेतृत्व मे मानवाधिकार की दिशा मे एक बड़ा कदम है।",0
दिल्ली में कॉन्ट्रेक्ट कर्मचारी हुआ gulami का शिकार।। केजरीवाल ने गुलामी प्रथा को और दिया बड़ाबा वादे फेल। कॉन्ट्रेक्ट और अन्य विभाग ने न्यू पार्टी चुनाव की मोहिमे शुरू की।। केजरीवाल की होगी जप्त जमानत। डीटीसी बर्खास्त।,1
"अाखिर क्यूँ, जन्ता जान्ना चाहतें है 😂",0
पुलिसवाले लूटते हुए।,0
"शकंराचार्य स्वरूपानंद,देवकी नंदन ठाकुर,उद्धव ठाकरे,तोगड़िया के पास BJP की बुराई और राजनीती करने के लिए तो टाइम है। पर सबरीमाला पर चुप है। वाह रे दोगले हिंदुओं।",1
चोरों की बस्ती में फिर से आग लगाना है मोदी जी को फिर से वापस लाना है,0
"तेजस्वी यादव जी, हैरत होता है जब आप लॉ एंड आर्डर पर चिंता जाहिर करते हैं। कानून व्यवस्था की धज्जियाँ उड़ाना ही जिनकी पहचान रही हो वह आज किस मुंह से नए दावे कर रहे हैं? बिहारी गौरव को अपमान में बदलने का श्रेय भी आपके ही परिवार के नाम है।",1
पिछे के बात पिछे छोडदो सनम बात तो अभि के कर्लो क्या पता बुढापे हि ना आए,0
"बड़े बुजुर्ग कहते थे कि,जले मे टूथपेस्ट लगा कमबख़्तों ने तो टूथपेस्ट मे भी नमक डाल दिया",0
"सर्कस वालों के बाद, मोदी जी दूसरे आदमी हाथी को साइकिल पर बिठा दिया",1
क्यों अपने मिया मिट्ठू बनते रहते हो असफल पत्रकार नेता महोदय।,0
संवैधानिक संस्थाओं को चुनौती देना वामपंथियों के लिए आम बात है। चीन के पालतू है वामपंथी।,1
राजस्थान में 3 लाख हिंदुओं को प्रलोभन देकर व बलात रूप से क्रिश्चियन बनाया गया है ! भारत में जितना आतंकवादियों से खतरा नहीं है उतना खतरा ईसाई मिशनरियों से है ! पादरी मानव तस्करी व बलात्कार करते हैं और धर्मान्तरण करवाते हैं,1
"काशीराम को मायावती ने कैद किया, मुलायम सिंह को अखिलेश यादव ने पर तानाशाह जी हैं।🤔🤔",0
"नशा मयकदो मे अब कहां मय का नहीं, ""मैं"" का नशा करते",0
ये चैनल वाले भी बड़े खतरनाक महंगा हो जाय तो औरतो के इंटरव्यू लेते सस्ता हो जाये तो किसानो के इन्टरव्यू लेते,0
पत्रकार छत्रपति हत्या मामले में राम रहीम को उम्रकैद की,0
पत्रकार मर्डर केस में को उम्रकैद! | गुरमीत राम रहीम को मरते दम तक कारावास की सजा,0
सुन्दर,0
ये वही कथा वाचक है जिसने राज. mp और छतीसगढ मे नोटा दबवा कर कोन्ग्रेस की मदद की आखिर सरकार तो कोन्ग्रेस ही चला सकती है इन साढे चार साल में जाति धर्म असहिष्णुता अवार्ड वापस किसान और न जाने क्या क्या किया जो कभी सोचा भी नहीं था नोटा वीर देवकी नन्दन,0
हाहाहा कुछ कम करो,0
भगवंत मान के शराब छोडने का कारण केजरीवाल बताया जा रहा है। मान के साथ बैठकर रोजाना दो पेग माँगता था। 😂,1
दुनिया जानती है भाई चौकीदार हमेशा अकेले ही चौकीदारी करता है चोर लुटेरे डकैत गुट या गठबंधन में ही आते हैं,1
अरि ताई खामा खा क्यों थक रही हो,0
जुल्म: दलित मजदूर को कोल्हू से बांधकर बेरहमी से पीटा और पिलाई पेशाब,0
"राम मंदिर मुद्दा मामले में कोर्ट की निष्क्रियता से हिंदुओं की आस्था पर वार हो रहे हैं, हिन्दू धर्म का अपमान हो रहा है, कोर्ट में बैठे जज हिन्दू होते हुए भी कोई सुनवाई नही कर रहे राम मंदिर पर।",0
"पप्पू को तो अंगूर और गोल कद्दू में भी अंतर नजर नहीं आता,फिर भी राफेल राफेल चिल्ला रहा है",1
झूठा है इसकी पार्टी ने देश को लूटा है,1
गुड नेता जी,0
महागठबंधन = अली बाबा 40 चोर,1
joshi jI– अब अपनी पराकाष्ठा को पार करती जा रही है जिससे हमारे हिन्दू साधु संतो की छवि तो ख़राब हो ही रही है साथ ही ईसाई मिशनरीज भी अपने धर्मान्तरण के कार्य में सफल हो रही हैं क्योंकि सजा संतो को नहीं हमारे धर्म और संस्कृति को होती है,0
क्या श्री प्रणब दा भारत रत्न लायक नही है ???? शर्म करो भाजपा विरोध में कुछ भी लिखोगे क्या ???,1
जात पात सब राजनीतिक हथकंडे है जो कुछ पार्टियां अपनाती है। शर्म आनी चाहिए उन्हें जो जाति धर्म के नाम पर फायदा उठा रहे हैं। अम्बेडकर साहब की कहानी पढ़कर भी आप कितना बदले ? सोच बदलो सोच।,0
भ्रष्ट नेताओं के अंदर ब्युरोक्रेट्स का खौफ कुछ इस तरह की होनी चाहिए कि वे उन्हे पद से हटाने के लिए बाध्य हो जाएं।,0
कांग्रेस पार्टी थोड़ी है जो देश के टुकड़े टुकड़े करने वाली होती है यह तो भाजपा है वंदे मातरम भी गाएंगे और दूसरों को भी प्रेरित करेंगे कि वह भी Desh Premee bane naki Desh Virodhi,1
"इतनी शक्ति सहेज दशरथ पुत्र, धैर्य तेरा कही चुक न जाये। रखना पैनी नज़र कोर्ट पर भी, वाद चलता हुआ रुक न जाये। तू अकेला, है ढेरों अधर्मी, देख कैसी है उनकी बेशर्मी ढूंढते जन्म का तेरा कमरा, उनकी सारी उमर चुक न जाये। तीर ऐसा चलाओ प्रभु अब, सीधे सीने मे उनके ठुक जाए।",0
"PM की कुर्सी के इतने दावेदार हो गए की 🤔 मैं तो बोल रहा हूँ कुर्सी को हटाकर , दरी ही बिछा दो ताकि सब बैठ जाए ll 😆😍😁",1
भावनिक पोस्टनंतरही संजय दत्त ट्रोल,0
कानून बना दोगे तो गद्दारों का पत्ता कैसे चलेगा,1
साँप नेवले की जोड़ी किस लिये है जनता सब जानती है शर्म करो चोरों।,1
"एक और नमुना पकड़ लिया # कांग्रेस नें बंशवाद, अलगाववाद, आतंकवाद, भ्रष्टाचारवाद, की जननी ने है एक ही बार में सारे कचरे साफ होगें जैसे संस्कार नयी नवेली नेत्री(under training) में ना हो बस इतना ख्याल रखना have check up",1
हमे समझ नहीं आया हम भक्तों से ऐसी कौन सी कमी रह गई थी कि राहुल गांधी अपनी बेइज्जती करवाने दुबई चला गया😜😂😂😂,0
बदनावर,1
संवित तो सिर्फ़ और सिर्फ़ बकलोली और जोकरई करता है अपने आका की तरह|,0
सुना है कि भाजपा की खिचड़ी खाने भिखारी भी नही आए भगवान ना करे कि किसी का टाइम भाजपा जितना खराब आए😁,1
झूठी मक्कार,1
वर्तमान समाज मे साधू खुद भांग पीते हैं।नशा करते हैं। तो ये कुम्भ की महिमा कैसे बढ़ा सकते हैं।,0
"ममता की तड़प को देखिए, की मूर्ति को चूमती उनकी मां।",1
लाख की ठगी में हरियाणवी नायिका गिरफ्तार नोटबंदी (Demonetization) के दौरान एक महिला से 60 लाख रुपये की धोखाधड़ी करने…,0
सब बात ठीक है लेकिन एक बात समझ में नही आती है कि गप्पु जी हर बार बाेलते बाेलते ताली क्याे बजाते 😜😁😂😂,0
मीडिया विपक्ष की भाषा बोल रही जो देश के लिए कांग्रेस से भी ज्यादा घातक हो सकता है ।,0
देशद्रोहियो के ऊपर चार्जशीट होती है तो तेरी क्यो जलती है कही तूभी तो सामिल नही था इस टुकडे टुकडे गेंग मे भारत माता की जय,1
"लेकिन खुद अपना 5 साल का हिसाब नहीं बताएगा! जबकि पूरे देश में :- गली- गली में शोर है, प्रधान चौकीदार चोर है ।",1
"बैंक लगातार सुरक्षा व सुविधाओं के नाम पर खातेदारों के खाते से बिना बताए राशि उड़ा रहे है। बैंकों की इतनी घटिया स्तिथि अभी तक नही थी। तब भी कुछ हो नही पा रहा, सब खोखला पन है।ये समान्य जनों के लिए शेर है।",1
सऊदी सरकार ने सऊदी में रहने वाले रोहिंग्या मुसलमानों को देश से निकाला - World News Arabia,0
बनेगी अब कांग्रेस की खेवनहार ! 2019 प्रियंका या राहुल !,0
कुमारस्वामी शेर से डर कर भाजपाई कुत्ते दिल्ली भागे,1
"सुधीर सिंह को नहीं है अब खेसारी से कोई परेशानी?, सोशल",0
केसरिया बिलायती के साथ रहकर तू भी नींद से नहीं जागा लेकिन यह शौर्य हमारे वीर योद्धाओ की वीरता को दर्शाता है तू क्या जाने वीरता तू तो गोबर हैं,1
"हम शोषक भी है शोषित भी 🎲 जाने कब भीड़ का हिस्सा जब बन जाते है, तब भीड़ 100 करोड़ की पहचान होती है, जब भीड़ में अपनी अस्मिता खो देते हैं तब हम अश्वत्थामा हो जाते है। जिस क्षण हम किसी को संज्ञा दे देते है उसी क्षण हम दो पहचान गढ़ते है, उनकी और अश्वस्थामा की जो आप हो।",0
"नहीं नहीं ऐसा कुछ नहीं! यह सब ""एप्रेन्टिस लूट और झूठ"" पार्टी को बदनाम करने की BJP की साजिश है? ठंड से मरने वाले इन ""बहरूपीये सेवकों"" को हलफनामा दे गये हैं कि ""हम लोग कुनबापरस्त लुटेरे गद्दार दोगले"" की वजह से नहीं बल्कि ""आपका-सबका साथ"" की वजह से मरे।",0
तेरी के सोच को,0
"जी क्या यह रिपोर्ट SC मे है या हाई कोर्ट में या जनता की कोर्ट में या MSM की? अगर तो जनता की कोर्ट में तो एन राम राजनीति मे आए, कांग्रेस ही जॉईन कर MSM की कोर्ट है तो आप दोनों मिलकर मुद्दा चलाए. सरकार जवाब दे चुकी है",0
"जो जमानत पर है,वो भ्रष्टाचार पर नहीं बोल सकते हैं- मोदी लेकिन जिसने बीवी छोडी हो,वो तीन तलाक पर बोल सकता है",0
रोहित सर वहाॅ इसीलिए ही बुलाए गये थे और कोई काभ थोड़ी न था। लूटम लूट मचाओ,1
13 बार नन के साथ बलात्कार करने के बाद कैसे पादरी को बेल मिल जाती है और Sant Shri Asaram Bapu Ji जिन्होंने देश और समाज के कल्याण के लिए अपना पूरा जीवन लगा दिया बिना किसी कसूर के उन्हें आजीवन कारावास दी जाती है क्या हो गया है भारतीय न्याय व्यवस्था को??,0
"चकला घर मे जो बड़े (गोगोई) साहब है, उनके पिता जी का क्या नाम था और वो क्या ओर कहाँ के थे ? काहे कि जब दूसरा आदमी वर्षो पहिले किसी अन्य की अपने पेशे के कारण जुड़ा था, इसलिये सुनवाई से हट गए, तब तो बड़े साहेब को भी हटना या हटाना में दालमंडी का कोठा बन गया",0
20 साल बाद जायज है पर 3 साल बाद देशद्रोहियो के खिलाफ चार्जशीट दायर हुई तो लोकतंत्र की हत्या हो गई गजब।,1
ठीक भी है। अपवित्र हो जायेगा,0
2004 कि बात कर रहे हो। हम सबने अटलजी को वोट किया था पर ऊस समय पक्का है छेडछाड करके काँग जीत गई। इसबार कोई भी ऊलटिसीधी हरकत ना कर पाये काँगी इसका ध्यान जादा रखना होगा वोटिंग के पहले भी और बाद मे भी।,0
"Sant Shri Asaram Bapu Ji के केस में सबसे बड़ा प्रूफ़ है मेडिकल रिपोर्ट, और मेडिकल रिपोर्ट साफ़ साफ़ बताती है कि लड़की के साथ कुछ हुवा ही नहीं, फिर भी बापूजी को सजा सुनाई",0
BREAKING NEWS: सुकमा- मलकानगिरी पुलिस को मिली बड़ी सफलता…चार लाख की इनामी महिला नक्सली ने किया आत्मसमर्पण via,0
"नारी अगर ठान ले तो क्या नहीं कर सकती, कल्पना चावला अंतरिक्ष में जाने वाली प्रथम भारतीय महिला थी। इनके जैसे और भी बन सकती हैं!!",0
Baaghi 3 के लिए Tiger लेंगे इस खतरनाक एजेंसी,0
इसमें योगी जी का ही दोष है। हेलिकॉप्टर पुष्पवर्षा के लिए नहीं है। हेलिकॉप्टर से फायर कर मोटीवती वाहन (बहनजी) और अक्लless (औरंगजेब - जिसने बाप को ही कैद कर लिया था) को खत्म कर देना चाहिए था।,0
जूते बाहर उतार कर वीर सावरकर जी की जेल की कोठरी में प्रवेश किया मोदी जी ने 🙏 मेरे पास शब्द नहीं है मोदी जी के सम्मान में 👏,0
बता दिया पर तु अपना गोत्र ही नही बता पाए विलाप कर,0
"तुम अपने लोकतन्त्र की दुहाई देना बंद करो जो देश के टुकड़े करने वाले लोगों को नेता बना दे, इनको और इनके समर्थकों को नेता बनाने वाले लोगों को अपने गिरेबान में झाँक के देखना",1
कुत्ते भौकते है तो हाथी मुड़कर देखता है ये हाथी की हार नहीं कुत्तों पर बेचारगी होती है,0
"गाँधी ने भारत का बटवारा भी बड़ी अक्लमंदी से किया था आतंकी को पाकिस्तान भेज दिया और ""आतंकियो के समर्थको"" यहाँ रख लिया 🤔🤔🙆",0
खालसा पंथ के संस्थापक एवं सिखों के दसवें गुरु श्री गुरु गोविंद सिंह जी की जन्म जयंती पर उन्हें वास्तविक खिराज़-ए-अक़ीदत पेश करें।,0
तुम जेसो से क्या कोई बदतमीज़ी से बात करेगा तो उत्पत्ति ही बदतमीज़ी से हुई हे,1
"मामला दबाने के लिए लाल यादव , रज्जन यादव ने बिधनू दरोगा रामबाबू यादव को 20000 रूपए दिए मामला दबाने में लगी बिधनू पुलिस भ्रष्टाचार का नया रूप बिधनू पुलिस का बिना पोस्टमार्टम क्षेत्राधिकारी ने बता दिया आत्महत्या का मामला ,",0
प्रधान सेवक जी ने देश को कौन कौन सी योजनाये पूरी की राफेल जंनक फ्रांस पूछना चाहता है।,0
"बस अब जीयाजी ही तो बाकी रह गए है, उनको कोषाध्यक्ष बना दीजिए !",0
सब विपक्षी नेता घोटाला करके मालामाल हुए एक मात्र पार्टी है जिस ने दिल्ली में 500 करौड का दफ्तर चाय बेचकर बनाया है !,1
"दिल्ली मे 5 घर, देश मे 10 कम्पनिया, शराब का बिजनस सब CBI डायरेक्टर वर्मा के परिवार के नाम कांग्रेस इस ईमानदार के लिए लड़ी??",1
"Shankar, Not Shanker! BCCI ने की विजय का नाम लिखने में गलती, ट्विटर यूजर्स ने यूं लिए",0
आज देश में सारी अपराधिक घटनाएं सिर्फ फिल्मों की वजह से ही हो रही है। जिससे सारा समाज प्रभावित हो रहा है इससे बचने का सिर्फ एक उपाय है । वह है संत रामपाल जी महाराज का सत्संग। एक बार आप भी अवश्य सुने साधना चैनल शाम 7:30 बजे,0
तेरी तस्वीर से मेरी नजर फिसलन मोड मे चली जात है चाहे कितना भी संभालु उसे वो और फिसलती जात है,1
Sant Shri Asaram Bapu Ji के फर्जी केस में उनके पक्ष में आ रहे हर सबूत अदालत द्वारा अनदेखे कर उन्हें lifetime जेल भेजना का सबूत,0
सर कम से कम टोला सेवक पर कुछ दया करे,0
एयर डाली किसने हैं घर देखकर तो एक अच्छा परिवार लग रहा है पता नहीं ईश्वर ही जाने ऐसे लोग कैसे हिंसा करते हैं पूरा मामला जानने के बाद ही पता लगेगा की हिंसा के लिए उकसाया गया है आवाज तो यह भी नहीं लग रहा कि व्यक्ति शराब पिए हुए,0
कमलनाथ सरकार के जनसंपर्क मंत्री पीसी शर्मा ने आरोप लगाया कि बीजेपी ने विधानसभा की परंपरा तोडी। विधानसभा अध्यक्ष का चुनाव बीजेपी लडेगी तो उपाध्य़क्ष पद भी नहीं दिया जायेगा। @,0
"जी, आप मोदी के खिलाफ अपने जहरीली टिप्पणियों के लिये जाने जाते हैं। आप कल पर आलोक वर्मा पर बहस के दौरान राफेल मुद्दे को उछाल कर बहस को दूसरा मोड़ देना चाहते थे, जो कि शर्मनाक है। आप बुद्धजीवी हैं। आपसे आम आदमी तर्क और प्रमाण सहित बोलने की उम्मीद करता है।",0
तनवीर इलाही मेरठ यूपी। मौब लिंचग के खिलाफ कठोर कानून बने।,0
"परिभाषा-""काँग्रेस-आई"" बेटो, बेटी, माँ और जुंवाई बस इत्ती ही है ""काँग्रेस आई""",0
2019 का इंतजार तो 11 पार्टियों के लालची नेता कर रहे कोई ऐसा नेता दिख नही रहा जो मोदीजी से अच्छा काम कर सके,0
"आंध्र प्रदेश और पश्चिम बंगाल की मछली की बिक्री पर बैन, पकड़े जाने पर 7 साल की जेल via",0
"पतन हर दिशा में व्याप्त है धर्माचार्यों राजनीति कुशल है , शिक्षक व्यापार प्रवीण , चिकित्सक सेवा की जगह सेठ बनने को उत्सुक , कर्मचारि रास्ट्र के प्रति निष्ठ न हो साशक के प्रति ईमानदार है । हर वर्जनाओं को सिर्फ टूटना ही धेय्य है , उनकी जगह उपयुक्त दूसरी वर्जनाओं का निर्माण नही होता",0
जब तुम्हारे पिता के खिलाफ सीबीआई जांच हुई तब यही कहा कि जांच के नाम पर परेशान कर रहे है दूध के धुले हुए है आप ओर आपकी बुआ,1
"फिरोजाबाद। 35 बर्षीय CRPF के जबान ने की खुदकुशी,ट्रेन की पटरी पर गर्दन रख कर की खुदकुशी,काफी समय से बीमारी के कारण था परेशान ,जनपद मथुरा के थाना राया का रहने बाला है मृतक ,पत्नी यूपी पुलिस में थाना दक्षिण में है कार्यरत,रेलवे स्टेशन टूण्डला के जीआरपी का मामला",0
"डर लगगता है,बाबा!",0
तुम गुम गए ज्यूं सर्दी की बारिश से नर्म धूप कन्धे में उलझी पड़ी है तभी से एक ज़िद्दी नस तुम्हारे गर्म बोसे जैसा आराम क्या देगी एक आम दवा,0
"वैसे सपा बसपा गठबंधन बना है लेकिन मेरा सुझाव है कि बसपा में सपा समाहित है और अब जब दोनों पार्टियों में मुख्यमंत्री की लड़ाई समाप्त हो गई है , अर्थात भतीजा मुख्यमंत्री और बुआ प्रधानमंत्री तो सपा को बसपा में विलय करके अब पार्टी का नाम बसपा ही रख दो",0
Hero Vardiwala Trailer: पहली भोजपुरी वेब सीरीज में निरहुआ-आम्रपाली via,0
"बेकसूर पिता लगातार डीएनए जांच की भी मांग करता रहा, लेकिन इसे भी नज़रअंदाज किया गया। लेकिन लड़की की मां ने अपने पति को न्याय दिलाने के लिए आखिर तक लड़ाई लड़ी।",0
जयहिंद 🇮🇳🇮🇳🇮🇳,0
"वैशाली- बिदुपुर थाना क्षेत्र के नावानगर में भूमि विवाद में फायरिंग, गोली लगने से दो लोग जख्मी, दोनों को सदर अस्पताल में कराया गया भर्ती",0
"सुशील मोदी ने कहा- तेजस्वी बंगले का समान रहने दे सुरक्षित, उसमें लगा है बड़ा",0
तुम किस पर विश्वास करोगे??,0
😃😂😂१२ बर्से,0
बिकाऊ मीडिया,1
तो जज राहुल गांधी को बोलते न की सदन में ऑथेंटिकेशन के साथ ऑडियो प्रस्तुत करते। वो पीछे क्यो हट गए?,0
"राधा जैसे किसको बनना है मन मीरा होता जाए है,",0
- सुमेरपुर नगर पालिका अध्यक्ष का उप चुनाव 22 जनवरी को_ जिला कलेक्टर ने जारी किया कार्यक्रम_ जोराराम कुमावत के विधायक बनने के बाद रिक्त हुआ था पद_ उपाध्यक्ष रमेश राखेचा का नाम दावेदारों में_ बोर्ड में भाजपा के पास है बहुमत,0
"एक महान विचारक, युवाओं के प्रेरणा स्रोत स्वामी विवेकानंद जी की जयंती पर उन्हें कोटि-कोटि नमन एवं समस्त देशवासियों को ""युवा दिवस"" की हार्दिक शुभकामनाएं।",0
कम्युनिष्टों के द्वारा इतिहास में बताए गए झूठ का सत्य,0
फ़ख़र ज़मान ने डेल स्टेन की गेंद पर चौका लगाया 47/0 ओवर),0
आवारा पशुओं को ग्रामीणों ने प्राथमिक विद्यालय में किया बंद,0
चीन क्युं जन्नत में क्या बुरा है??,1
जबकि खाद्य इंस्पेक्टर का कहना है की कस्बा किठौर में कोई लाइसेंस नही है । पुलिस की जिम्मेदारी है इसको तुरन्त बन्द कराये। लेकिन पुलिस की सेटिंग से कस्बे में अवैध कटान जारी है,0
अच्छा तो मोहतरमा फिर आ गयी ।। लगता है मैडम की कोई फ़िल्म आ रही है दोवारा ।। अच्छा होता फ़िल्म का नाम भी बता देतीं ।।,1
"Vivo 'Waterdrop' फोन की तस्वीरें लीक, अनोखे डिज़ाइन का है दावा",0
"भाई,राफेल का नाम लेकर कुछ भी बोलना ही तो है?अब कौन माथापच्ची करे?",1
२५वें राष्ट्रिय नाट्य समारोह एवं फिल्म महोत्सव और १०वें शरदचंद्र वैरागकर स्मृति रंगकर्मी सम्मान का कार्यक्रम,0
कल रात्रि में गौरव नामक व्यक्ति कानपुर देहात के अकबरपुर कस्बे स्थित एक संस्थान में कुछ असामाजिक तत्त्वों के साथ शराब पीकर लाठी डंडों सहित बोलेरो गाड़ी से मध्यरात्रि 12 बजे के लगभग मारपीट करने आया । 100 डायल किया। पुलिस समय पर आयी। कोई झगड़ा नही हुआ। इंस्पेक्टर ने,0
2019 के बाद युवराज की ड्रीम केबिनेट में कौन-कौन होने चाहिये : HM : FM : HRD : DM: IB :,0
"आखिर अपनी गद्दारी दिखा ही दी, माफ़ करना मैंने पहले ही बोल दिया परंतु मुझे अंदाजा आपकी कार्यशैली से ही लग रही है,",1
20 साल मे पीने के पानी की सुविधा नहीं दे सकी बीजेपी की सरकार गटर की सुविधा नहीं दे सकी बीजेपी सरकार अहमदाबाद मयुनिसिपालिटी हमारा टैक्स खाकर भी कोई सुविधा नहीं दिया यही है बीजेपी पार्टी का विकास अब वोट मांग ने आयी है बीजेपी पार्टी को वोट कयु दे?,0
"जय श्रीराम परंपरा पुरानी ने बहन ""शूर्पनखा"" को , कंस ने बहन ""पूतना"" को और हिरण्यकश्यप ने बहन ""होलिका"" को मैदान में उतारा ही रहे निश्चित है सत्यमेव जयते🙏",0
बढ़ाई हो. परमवीर चक्र के हकदार हो गए. मेरे २९ साल पूरे होने वाले हैं.,0
इसी लिये इस्लाम सही है वहाँ औरतों को तलाक़ देने का अधिकार ही नहीं है। :),1
बिना झोले के ही लम्बी यात्रा पर जाएंगे गोभी जी।,0
किसी को कैंसर किसी की किडनी का किसी के घुटनो का और तो और किसी को स्वाइन फ्लू मगर एक भी पतंजलि अस्पताल नहीं गया!,0
देश का निर्माण हो रहा है फिर वी देश का वविष्य लुखी रोटी खा के सो रहा बहुत दे दिए आरक्षण बहुत हो गए कर्जे माफ फिर वी वविष्य क्यो भूखा सो रहा है ये कैसी है विवस्था ये कैसी है विविस्ता कोई अरबो उड़ा रहा है वविष्य भूखा सो रहा है,0
Sampat जी थोड़ा सुधारना चाहूंगा ये 2017 up चुनाव का vedio है।,0
"अखिल भारतीय विद्यार्थी परिषद (ABVP) ने केन्द्रीय शासित प्रदेश दमण के दमण सरकारी कॉलेज और माछीमहाजन इतिहास में पहली बार छात्र संघ के चुनाव में ऐतिहासिक जीत हासिल की है, सभी विजेता हुए प्रत्याशियों को हार्दिक अभिनंदन ।",0
"घर के बाहर नींबू मिर्ची लटकाने से भूत प्रेत नहीं आते, और आलू लटकाने से वाले नहीं आते। वो समझ जाते हैं कि ये सोना बनवायेगा |",0
आवारा पशुओं की समस्या बढ़ने के पहले आश्रय स्थल का फैसला न लेना क्या सरकार की बड़ी चूक है ? देखें सबसे बड़ा मुद्दा रात 8:30 बजे सिर्फ पर दीजिए अपनी राय,0
"नौकरियां | पुलिस में फायरमैन/जेल वार्डर की बंपर भर्ती, इतनी मिलेगी सैलरी | Uttarakhand Post",0
"इनके जबाब इस्लामाबाद कब्जा करने के बाद रिजल्ट मोदी सरकार, सिस्टम डिजिटल तकनीक हिन्दुस्तान से गन्दगी हमेशा के लिए पर्मानेंटसर्जरी कूड़े तमाम तरह के जीव निर्जीव चाहे जैसा वायरस कांग्रेस के चरित्र पर बुराई का छाया जब तक पृथ्वी पर कलंक, दुनिया के अच्छे दिन के लिए राम मन्दिर शाकाहारी,",0
कभी किसी किसान का नाम आया भारत रत्न देने में कोई भी सरकार हो कोई किसी किसान को नहीं दे सकते हैं,0
दुनिया की सबसे ताकतवर space Agency वो है मेरे भारत की मुझे गर्व है ISRO पर और आपको ?????,0
"बस यही सुनना बाकि रह गया था, अपने आप को बढ़ा चढ़ा कर बताना भी अच्छी बात नहीं है, जी। कभी अपनी गलती भी देखा करो, आप अकेले ईमानदार नहीं हो बहुत लोग है, आपसे असहमति रखने वाले भी ईमानदारी की मिसाल।",1
"दिल्ली पुलिस पर क्यों भड़का कोर्ट, चार्जशीट क्यों की",0
: इसलिए PMCH के डॉक्टरों और कर्मचारियों के बीच हुई मारपीट,0
आगरा रैली के दौरान इस महिला केंद्रीयमंत्री की पीएम मोदी ने की जमकर,0
"शान से बोलता हू ये भारतीय नारी कि तस्वीर है,,, सुन्दर मनमोहक",0
माली : ‘जिहादी’ हमले में संयुक्त राष्ट्र के 10 शांति सैनिक मारे गए,0
इसके लिए किसान को कया करना पड़ेगा,0
"खुश छोटी सी पर सच्ची कामयाबी से,* *कदमों की रफ़्तार धीमी ज़रूर है पर जितनी ज़मीर के साथ",0
ये पावन पवित्र महीना सूर्य देव की उपासना का महीना है और ओडिशा तो साक्षात सूर्य देव की ही धरती है। कोणार्क से निकली रोशनी पूरे भारत को सदियों से रोशन करती रही है: पीएम जी,0
"संवैधानिक प्रावधानों की बात करे तो 3 सवाल का जबाब चाहिए 1- गरीब ""सवर्ण"" की परिभाषा क्या है? 2- देश मे गरीब सवर्णों की जनसंख्या क्या है? 3- देश मे नौकरियों मे इन गरीब सवर्णो का प्रतिनिधित्व क्या है? और क्या ये प्रतिनिधित्व उनकी जनसंख्या से कम है?",0
प्रशिक्षण पाकर क्रिकेटरों की प्रतिभा निखरेगी,0
"ममता की रैली को भाजपा ने बताया 'अवसरवादिता', शत्रुघ्न पर कार्रवाई के संकेत",0
"10%आरक्षण आर्थिक आधार पर करने की बजाय, मोदी जी पूरी आरक्षण व्यवस्था की समीक्षा कर उसे जाति आधार से आर्थिक आधार पर करने की हिम्मत दिखाते तो सही मायनो में यह सभी गरोबो के हित में फैसला होता। खेर कुछ नही से तो कुछ बेहतर है।धन्यवाद PM धन्यवाद भाजपा",1
झा जी आपसे औऱ आपके नेता से मेरा करबद्ध निवेदन है कि उस टेप की कॉपी मुझे प्रदान करें मैं पर्रिकर जी के खिलाफ सरकार को ब्लैकमेल करने का केस फ़ाइल करना चाहता हूं।,0
शिकायतकर्ता गाड़ी पर नहीं मिला और गार्ड से पूछने पर किसी यात्री द्वारा किसी भी प्रकार की शिकायत होना नहीं बताया । 2/2,0
सच्चे जनसेवक,0
"कुछ दिनों से भयंकर खाँसी आ रही है मुझें, कही दिल्ली का सीएम बनने का संकेत तो नही ?😝😝😝",0
"अपना सम्पूर्ण जीवन राष्ट्र कल्याण एवं जनसेवा में समर्पित करने वाली, त्याग एवं समर्पण की प्रतिमूर्ति, परम श्रद्धेय राजमाता विजयाराजे सिंधिया जी की पुण्यतिथि पर विनम्र श्रद्धांजलि |",0
"""भारतीय सेना दिवस"" पर देश की रक्षा में खड़े भारतीय सेना के उन तमाम जाँबाज़ों को नमन, जिनके होने से देश का प्रत्येक नागरिक सुरक्षित हैं। देश को अपने वीर सपूतों पर गर्व है। जय हिन्द! जय हिन्द की सेना!",0
"सहकारिता मंत्री माननीय डॉ गोविंद सिंह जी भिंड में राष्ट्रीय ध्वज फहराएंगे,,",0
वाह वाह,0
"को चाहिए आज के भारत के मर्यादा पुरुषोत्तम को पूछकर ही को हर काम करें, हो सके तो सर्कार की वागडोर इन महानुभाव के हाथ देकर राजनीति से सन्यास लें, तब जाकर इनको शांती मिलेगी।",0
भारत सरकार जनजाति मंत्रालय के केंद्रीय राज्य मंत्री माननीय जसवंत सिंह भाभोर जी का राँची पहुँचने पर एयरपोर्ट में स्वागत किया।,0
समाजवादी सरकार ने 122 किमी लंबा देश का एकलौता साइकिल हाईवे आगरा में बनाया। प्रधानमंत्री जी आपकी भाजपा सरकार ने क्या बनाया ? दूसरे के काम काटो बस।,0
"विगत वर्षों से युवा वर्ग पाश्चात्य गन्दगी valentine का अनुसरण कर गर्त में गिर रहा था, लेकिन पर उनके युवा सेवा संघ युवाओं को जाग्रत करते हैं इस कु रीति के अवगुण बता कर।",0
क्यों झूठ बोलते हो कुछ तो सर्म करो संसद महोदय,1
हरे कृष्णा 🙏🙏,0
"विदेशों के पास यंत्र विज्ञान है लेकिन भारत के पास मंत्र विज्ञान है, आत्मज्ञान, अध्यात्म विज्ञान का धन है, जो सारे ब्रम्हांड का सारा ज्ञान पाने से भी ऊंचा है! बोलो सदगुरु देव भगवान की जय",0
भारतीय स्वतंत्रता संग्राम के अग्रणी महानायक आज़ाद हिन्द फ़ौज के संस्थापक जी की जयन्ती पर उन्हें सादर नमन्,0
*नादान इंसान ही जिंदगी का आनंद लेता ज्यादा होशियार इंसान तो हमेशा उलझा ही रहता,0
जिले का मुख्य समारोह शासकीय उत्कृष्ट उ. मा. विद्यालय मुरार में आयोजित होगा। जिले के हर विकासखण्ड में उत्कृष्ट विद्यालय में खण्ड स्तरीय मुख्य कार्यक्रम होंगे।,0
न्यूज एजेंसी रायटर्स के मुताबिक अमेरीका ने कहा है कि इससे अमेजॉन और वॉलमार्ट के भारत में निवेश पर असर पड़ेगा। अमेरिका ने यह बयान ऐसे वक्त में दिया है जब दोनों देशों के व्यापारिक रिश्ते नाजुक मोड़ से गुजर रहे हैं।,0
"19-1-1990, ये वही दिन है जब कश्मीरी पंडितों को बड़ी क्रूरता से यातनाएं देकर कश्मीर से निकाल दिया गया था जिनको आजतक न्याय नहीं मिला मैं आदरणीय प्रधानमंत्री से ये उम्मीद करता हूँ कि उन्हे एक दिन जरूर न्याय मिलेगा",0
इस क्रांतिकारी पहल से आर्थिक रूप से कमजोर सवर्णों के जीवन में सकारात्मक बदलाव आएगा। इस फैसले को लागू करने के लिए संकल्पित है। समाज के हर वर्ग का उत्थान व नये भारत का निर्माण ही हमारा ध्येय है। देशवासियों की ओर से मैं आदरणीय प्रधानमंत्री का फिर से आभार व्यक्त करते हैंl,0
शिवराज सिंह जी काले कारनामों की खबरें आने लगी है और अभी तो बस शुरुआत है ।,0
"""केवल वही व्यक्ति आध्यात्मिक है जो अपने आप में परम चेतना या ईश्वरीय चेतना की तलाश करता है, और उस निजी,व्यक्तिगत चेतना को परम चेतना के साथ एकजुट करने का प्रयास करता है। यह अध्यात्म है"" - चारीजी",0
सब्बा खैर जनाब🙏🙏🙏,0
"नोएडा, उत्तर प्रदेश।",0
"ईमानदारी, सादगी और प्रतिबद्धता का प्रतिरूप, भारतीय जनता पार्टी की संस्थापक सदस्या श्रद्धेय राजमाता विजयाराजे सिंधिया जी की पुण्यतिथि पर कोटिशः नमन।",0
12 जनवरी 🚩 युवा दिवस के अवसर पर अखिल भारतीय विद्यार्थी परिषद इकाई सिंगोली द्वारा सामुहिक सूर्यनमस्कार का आयोजन किया गया इस अवसर पर प्रान्त सह संगठन मंत्री प्रवीण जी शर्मा विभागीय संगठन मंत्री उपेंद्र जी तोमर नगर परिषद अध्यक्षा सुनीता जी मेहता उपस्थित रहे,0
सचिव से गबन की गई राशि का ब्याज वसूलने के आदेश,0
वाराणसी में अप्रवासी भारतीय दिवस के कार्यक्रम में प्रधानमंत्री व राष्ट्रपति पहुचेंगें,0
"आसन पर बैठकर 'रऺ' बीज मंत्र का उच्चारण करते हुए अग्नि के समान लाल त्रिकोणाकार वस्तु का ध्यान करें।इस प्रयोग से मंदाग्नि, अजीर्ण विकार दूर होते हैं और भूख खुलकर लगती है।",0
चुनौतियां जीवन को अधिक रुचिकर बनाती है और उन्हें दूर करना जीवन को अर्थ पूर्ण बनाता है,0
लक्ष्य हमारा मोदी जी दोबारा नमो नमो 🙏🏻,0
"प्रोग्राम रंगोली देखिये 10 जनवरी, जुमरात(गुरुवार) दोपहर 02:00 बजे पर।",0
अभी अबी समयपुर बदली मेट्रो के पास गेट नमर 2 के पास कुछ लड़को ने एक युवक को चाकू से घायल कर दिया वहाँ रे दिल्ली,0
माननीय मे मुख्यमंत्री जी मेरे गांव का मेन रास्ते मे पानी ओर गन्दगी से भरा हुआ है निकल ने मे भारी दिक्कत हो रही है कई बार सरपंच से कहा है लेकिन उस ने कोई कदम नही उठाया क्या यही स्वस्थ भारत है,0
"की जनता को रोटी, कपड़ा, मकान,चिकित्सा, शिक्षा और न्याय की जरूरत है इन जरूरतों को पूरा करने के लिए उन्हे रोजगार चाहिए । ?? .",0
आप सभी मित्रो को मकर सक्रांति की शुभकामनाएं हमेशा खुश रहिए,0
पुण्य प्रसून जी आप फेसबुक लाइव शुरू कीजिए टीवी पर आप की कमी बहुत खल रही है,0
इस पर का क्या कहना है ?,0
जोबना तोहरा मे रंग ।।। स्वर - मुकेश स्वामी बाबा Mukesh sawami baba,0
समस्त क्षेत्रवासियों को 70 में गणतंत्र दिवस के उपलक्ष में हार्दिक शुभकामनाएं वंदन अभिनंदन करता हूं,0
"Param pujay Sant Shri Asaram Bapu Ji सत्संग में बताते हैं कि किसी भी कार्य को करने के पीछे स्वार्थ न रहे,कार्य का उद्देश्य बहुजन हिताय बहुजन सुखाय हो तो कार्य में दक्षता आती है।",0
लंदन की कैंब्रिज यूनिवर्सिटी के डिप्टी डायरेक्टर ग्लोबल नेटवर्क श्री लियम विंट ने मुख्यमंत्र,0
"कैबिनेट का फ़ैसला-आर्थिक रूप से पिछड़े सवर्णों को 10% आरक्षण दिया जाएगा,50% आरक्षण की सीमा के ऊपर होगा ये आरक्षण। इसके लिए संविधान संशोधन कल लोकसभा लाएगी सरकार.",0
ऑस्ट्रेलिया पर फॉलोऑन का खतरा। भारत के पहली पारी में 622 के जवाब में मेजबान टीम का स्कोर 223/6. अभी भारत से 399 रन पीछे।,0
जिनको ब्रह्मचर्य रखना हो उन्हें की प्रभात को भगवान सूर्यनारायण का ध्यान करते हुए अर्घ्य देना चाहिए!,0
उत्तर प्रदेश के परिषदीय विद्यालयों में कार्यरत अनुदेशकों से सरकारी वादाखिलाफी के चलते हो रही सरकार की फजीहत आगामी चुनावों में जनता बेहद नाराजगी,0
किस आधार पर कहे कि आप के मंत्री सही जानकारी देंगे |,0
जय अखिलेश जय समाजवादी पार्टी,0
"9 महीने पहले 'खत्म' हो जाता विजय शंकर का करियर, दिनेश कार्तिक ने बचाई थी 'जान'",0
इसका जवाब तो हरिश्चंद्र जैसे लोग ही बता सकते हैं! क्यूँ,0
बार-बार सदन में आँख मारकर कब तक देश और देश की जनता का माजक बनाते रहेंगे ? कम से कम राष्ट्र की सुरक्षा से जुड़े मुद्दों पर तो को थोड़ी समझदारी और परिपक्वता दिखानी चाहिए।,1
बार बार मोदी सरकार हर बार मोदी सरकार,0
आज के समय में फिल्मों ने तो हमारे समाज को नासिक कर दिया है कबीर पर नारी को देखिए बहन बेटी के भाव . संत रामपाल जी महाराज का सत्संग सुनने से सभी बुराइयां छूट जाएंगे अधिक जानकारी के लिए देखिए साधना टीवी 7:30 से 8:30 तक पीएम,0
हिंदुत्व की बात हिंदुत्व ही जाने मो. अखिलेश जी नहीं । जो हिन्दू धर्म का विरोध किया ओ हिन्दू किस काम का?,0
बहुत-बहुत धन्यवाद,0
"लखनऊ, नॉएडा, प्रयागराज, वाराणसी, बरेली, कानपुर और कुछ ज़िलों को हब / स्मार्ट सिटी अगर विकसित किया जाए तो रोजगार अवसर भी मिलेगा लेकिन ऐसा देखने को नहीं मिल रहा है रहा है क्यों?",0
"प्रधानमंत्री मोदी ने 'जय जवान, जय किसान, जय विज्ञान' नारे में जोड़ा 'जय NaMo App",0
"कुम्भ मे कम्प्यूटर बाबा, मोबाइल बाबा सब पहुंच गए। इंतजार है त़ो बस दत्तात्रेय गौत्र वाले महामंडलेश्वर रफैल बाबा",0
"अखिल भारतीय भव्य कवि सम्मेलन, एटा, दिनाक : 22 जनवरी 2019, मंगलवार समय : सायं 08:00 बजे से स्थान : भव्य प्रदर्शनी पाण्डाल, एटा,",0
"कोई होता है, क्या ???😘😂😂😂😂",0
शक्ति ही तो शान्ति का आधार है साधना ही मुक्ति का शुभद्वार है,0
गुजर तो जाएगी तेरे बगैर भी लेकिन बहुत उदास बहुत बे-क़रार गुजरेगी।,0
मोदी जी का साथ यानी देश का विकास।,0
गठबंधन से घबराई भाजपा सरकार। सीबीआई और शराब को बनाया हथियार। अग्रवाल ने पासी सम्मेलन में लंच पैकेट के साथ बांटा शराब। जय रामराज्य।,0
"परिवर्तन की राह चला के किया राष्ट्र में उजाला है, देश की रक्षा करने वाला चौकीदार रखवाला है।",0
"सरजी उन्नति नहीं अधोगति होगी, सबका साथ आपका विकास होरहा है।",0
"विश्व हिंदू परिषद के पूर्व अंतरराष्ट्रीय अध्यक्ष श्री विष्णु हरि डालमिया का निधन हो गया है। उन्होंने आज (16 जनवरी,2019, बुधवार) सुबह 9 बजकर 38 मिनट पर दिल्ली के गोल्फ लिंक स्थित आवास पर अंतिम सांस ली। देश",0
"खादी की बिक्री में न केवल 32% की वृद्धि हुई हैं, बल्कि ने नए अवतारों और नई जगहों में भी अपनी उपस्थिति दर्ज कराई हैं। 2018 में खादी ने सरकारी व्यवस्था के अलावा बॉलीवुड जैसे विभिन्न मंचों पर अपने आप को स्थापित किया",0
आपकाे भी कैप्टन साहब लोहडी व मकर संक्रांति की बहुत बहुत बधाई एंव शुभकामनाएं,0
आपकी बात सही है पंखुड़ी जी,0
देश मे आरक्षण का हिसाब आर्थिक अधार पे नही समाजिक-चेतना व आबादी के आधार पर मिलता हैं। ये 10% फेकू का जुमला हैं।,1
सोशल मीडिया पर यह वीडियो काफी वायरल हो रहा है।,0
"ये बात हवाओं को बताये रखना, रौशनी होगी चिरागों को जलाये रखना, लहू देकर जिसकी हिफाज़त की शहीदों ने, उस तिरंगे को सदा दिल में बसाये रखना।",0
सर किसानों का तो वादा पूरा कर दिया अतिथि शिक्षकों का भी निभा दो ।,0
कृपया सूचनार्थ एवं आवश्यक वैधानिक कार्यवाही हेतु ।,0
"पूरी तरह सहमत हूँ बेचारे को अकेले अटैक ना आ जाये, इसलिये लिस्ट को बढा 😜🙏🏻",0
"आप ही तो सरकार हो,आप ही फैसला लेने वाले हो,फिर इन्तजार किस बात का?अब संविधान मे बदलाव हो ही रहेहैं तो इस सबसे जरूरी कार्य का निपटान भी क्योंNaकर दिया जाए।जनताToबस जनसंख्या नियत्रंण बिलKaबेसब्री से इंतजार कर ही रहीहै।अधिकतर जनताKaसमर्थन ही मिलेगा।",0
"वो मजबूर सरकार चाहते हैं ताकि रक्षा सौदों में दलाली खाई जा सके, हम मजबूत सरकार चाहते हैं जिससे देश की सेना की हर जरूरत को पूरा कर सकें। वो मजबूर सरकार चाहते है ताकि किसानों की कर्जमाफी में भी घोटाला कर सकें, हम मजबूत सरकार चाहते हैं जिससे देश का किसान सशक्त बनें : पीएम",0
इसका पता तो आपको 2019 के चुनाव में लगेगा।,0
सुबह-सुबह खाली पेट तुलसी के पांच सात पत्ते चबाकर पानी पीने से बुद्धि शक्ति में विलक्षण परिवर्तन आता है।-sant shri Asaram Bapu ji,0
"आखिर कौन है वो परमात्मा जो सुख का सागर है, मोक्षदायक है और पापों का शत्रु है? उत्तर जानने के लिए ज्ञान गंगा व गीता तेरा ज्ञान अमृत अनमोल पुस्तकें मंगाए व सतगुरु रामपालजी महाराज जी के अमृत वचन साधना चेनल पर से",0
लड़कियाँ बहुत खुश किस्मत होती टूटने पर उन्हें दाढ़ी नहीं बढ़ानी पड़ती है।,0
"""ऐसी पवित्रता प्रेम की, जैसे तीरथ धाम। गंदी नीयत वालों ने, कर दिया बदनाम।।""",0
क्या ये सच है,0
"भास्करस्य यथा तेजो मकरस्थस्य वर्धते। तथैव भवतां तेजो वर्धतामिति कामये।। जिस प्रकार मकर राशि में प्रवेश करने से सूर्यतेज बढ़ता है,उसी प्रकार आपका तेज,यश, मान-सम्मान बढे ऐसी हमारी कामना है। उत्तरायण का सूर्य आपके स्वप्नों को नयी ऊष्मा प्रदान करे,मकरसंक्रान्ति की हार्दिक शुभकामनाएँ।",0
"मोदी जी बार-बार ओडिशा क्यों जाते हैं, हम बताते हैं",0
"मैं बीजेपी का कोई कार्यकर्ता नहीं, मेरे परिवार में कोई राजनीति में नहीं, फिर भी मैं नरेंद्र मोदी जी के हक़ में हूं। क्योंकि मुझे नरेंद्र मोदी जी में देश का भविष्य नजर आता है, आओ मिलकर अपने देश के भविष्य के लिए एकजुट हो जाएं। 💐💐 विकाश सिंह 💐💐",0
"देश फारूक अब्दुल्ला बोले-श्रीराम सबके भगवान, मंदिर बना तो ईंट लगाने खुद जाऊंगा, पढ़ें और नेताओं के बयान via",0
"गीता ज्ञान दाता अध्याय 7 श्लोक 12 कहता है की सत्वगुण विष्णु जी से स्थिति भाव है रजोगुण ब्रह्मा जी से उत्पति तमोगुण शिव से संहार है सत्वगुण,रजगुण,तमगुण इन तीन गुणो को जानना है तो अवश्य पढे पुस्तक ज्ञान गंगा।",0
मुझे 👦किसी के 👬शांत कंपेयर मत करना क्योंकि 🙋मुझे 🤔किसी और 👬जैसा बनने में 🛐कोई इंटरेस्ट ❌नहीं,0
"RT BJP4India: प्रधानमंत्री कृषि सिंचाई योजना के लिए बजटीय आवंटन में की बढ़ोत्तरी करते हुए 5,460 करोड़ रुपये की अतिरिक्त राशि दी गई। भाजपा की राष्ट्रीय परिषद में पारित कृषि प्रस्ताव को पूरा पढ़ें पर।",0
🇮🇳🇮🇳आप सभी को 70वें गणतंत्र दिवस की हार्दिक,0
जय श्री राम,0
"जिसको जिसका चंदा, वह उसी का चंदे में भी काफी आगे निकली BJP, विपक्षियों से 12 गुना ज्यादा मिला चंदा via",0
"नसीब में ग़र तू है तो दिल पर तू देगी ""रब"" की दुआओं में क्यूँ शामिल करूं शायद तू ही मेरा ""रब""",0
"प्रदीप भाई जी शुभ संध्या 🌹🌷🌹 🌿🌿🌿🌿🙏🌿🌿🌿🌿 *""यादो' की की में 'नमी' सी है __* *'सब कुछ हांसिल तेरी 'कमी' सी है* __💘 🌿🌿🌿🌿🙏🙏🌿🌿🌿🌿 *🙏🌹 !! !! 🌹🙏*",0
"संघर्ष एक ऐसा केन्द्र है का व्यास कितना भी बढे, की परिधि कम नहीं",0
"MP, राजस्थान और छत्तीसगढ़ में कांग्रेस को वोट देकर जो लोग पाप किए थे कुंभ मेले में नहा कर उस से मुक्ति पा सकते हैं।",0
"BJP Uttar Pradesh सरकार के उपमुख्यमंत्री माननीय श्री दिनेश शर्मा जी को जन्मदिन की अनंत शुभकामनाएं। ईश्वर आपको सदैव स्वस्थ, प्रसन्न व ऊर्जावान बनाये रखे।",0
परमात्मा कबीर देव बताते है कि तीन देव की जो करते भक्ति। उनकी कभी ना होवे मुक्ति।। तीनों देव श्री ब्रह्मा जी श्री विष्णु जी और श्री महेश जी की भक्ति से मोक्ष संभव नहीं है प्रमाण सहित जाने के लिए अवश्य देखें साधना टीवी शाम 7: 30 से 8: 30,0
लगता है ये कमलनाथ से 2 गिलास ज्यादा पी लिए हैं।,0
जी,0
यह भजन सुनने के बाद दिल नाचेगा झूम-झूम कर सभी गुरुमुख जरूर सुने||आज,0
केवल पढ़ ही नही रहे अपितु गहन अध्ययन कर रहे है आप😂,0
जय हो विजय हो,0
न रुकी वक़्त की गर्दिश और न ज़माना सूखा तो परिन्दों ने ठिकाना,0
शुभ संध्या 🙏,0
"पवित्र सद्ग्रन्थों में आत्मा और परमात्म दोनों का मिलन संभव है मगर वो राश्ता गीता,वेद,कुरान व बाइबिल में लिखा कहा है ये जानने के लिए देखे साधना tv प्रत्येक साम 7:30 से 8:30",0
RBI सरकार को दे सकती है 40000 करोड़ रुपये,0
"WMA की नेशनल बॉडी पहुंची राज्यसभा, WEB Journalists को दिलाएगी",0
हमेशा अपना आशीर्वाद बनाए रखिएगा गौतम सर☺️🙏💐🍰🍫,0
माननीय विधायक जी भगवान दास कबीर पंथि जी के साथ कुछ पल,0
"बाल्यकाल में बच्चे को जैसे संस्कार मिलते वैसा ही उसका जीवन बनता है,बालक रविदास को उनकी माँ कर्मादेवी ने भगवद्भक्ति, बड़ों का आदर करने,साधु सन्तों की सेवा के संस्कार दे कर उन्हें आगे चल कर सन्त रविदास बनाया।",0
कुम्भ की तयारी,0
भाई आप का महाराष्ट्र मे हर साल स्वागत जय भीम,0
भारत माता की जय वंदेमातरम,0
UP में योगी सरकार ने किसानों का कर्जा माफ किया। 16 महीनों में 3000 इनकाउंटर हुए। पहले की तुलना में लॉ एंड ऑर्डर कही ज्यादा मजबूत है। सफाई अभियान को गति मिली। जो अखिलेश सरकार NGT के आदेश के बावजूद भी गंगा,0
वहीं पर सीखा था कि कैसे अर्थव्यवस्था और समरसता को बर्फ की सिल्ली में डाल के दफनाया जाता है।,1
"मंजिलों का तुम ही जानो, रहगुजर अच्छी नही । तुम्हारी आँखे खुबसूरत है, तुम्हारी नजर अच्छी नही ।",0
"जी, ये प्रियंका वाड्रा और ब्राह्मण वोट का क्या चक्कर है?",0
"से आँख मिलाओ, पर वार करो, मल्लाहो का छोड़ो, तैर कर पार करो !!",0
विनायवत श्रद्धांजलि .. ॐ शांति ॐ,0
यह ऐतीहासिक क्षण है।,0
अगर चीन की दिवार की तरह भारत में भी दुनिया की सबसे बड़ी दीवार होती तो हम कुछ लोगो को दीवार के उस पार छोड़ आते 😒😏😂,1
अब घड़ी फैसले की आई हमने है कसम अब खाई हमें फिर से दोहराना है और खुद को याद दिलाना है न भटकेंगे न अटकेंगे कुछ भी हो इस बार हम देश नहीं मिटने देंगे सौगंध मुझे इस मिट्टी की मैं देश नहीं मिटने दूंगा।,0
ॐ नमः शिवाय,0
हमारा कोई भी ट्वीट अगर कॉपी पेस्ट पाया गया तो मुवावजा दिया जाएगा🙏😂,0
"हमारे साये ज़मीनों में धँस चुके थे यहाँ, सफ़र का भला कैसे चार सू करते, किसी पे धूप के चिलके न डालते हरगिज़, इक आइना भी अगर ख़ुद के रू-ब-रू",0
भगवान है। और भगवान पर सवाल नहीं उठाये ही भगवान भगत के वश में सही😊,0
देवी आप धन्य हें आपके चरण कमाल किधर हें 😂😂,0
"देशभर में वर्षों से अटकी OROP की मांग हो या विकास से जुड़ी अन्य महत्वपूर्ण परियोजनाएं, उन सभी को पुनः शुरू कर निर्धारित समय सीमा में पूरा कर रही है मोदी सरकार।",0
RJ Viny || बहुत ज़रूरी है खुद के साथ समय बिताना !!!,0
अब आपको पता चला? 🤣🤣,0
उम्मीद है कि आप इसका लाभ नहीं लेंगे! क्योंकि आपकी जेब तो 'आप' पार्टी में रहते हुए तो भर ही गईं होंगी 🤔🤔,1
अभी सफर करके आया कुछ ऎसा ही हुआ है,0
"*वक्त की धुंध में*, *छुप जाते हैं दिनों तक किसी की*, *आँखों से ओझल ना",0
कोई भी काम अपने व्यक्तिगत हित के लिए ना करें। पर अगर हम अपने व्यक्तिगत लाभ के लिए कर्म ना करेंगे तो हम जिएंगे कैसे? इसका बहुत ही सुंदर जवाब दिया है पूज्य बापूजी ने। जानने के लिए पढ़ें जनवरी 2019 का ऋषि प्रसाद,0
चलो मान लेते लेकिन आज आपके पास क्या है?,0
अंधेरे के आगोश में जा रहा हूँ लेकिन ना नींद मेरी है नाही ख्वाबों से यारी है। ~बालानाथ राय ♥️,0
मेरा ज़िंदगी पे ज़ोर या मैं ही इसके वश में को क्या मैं दू तो ख़ुद ही कशमकश में हूँ !!,0
ऐसे तो लोकतंत्र में हिंसा का कोई स्थान नहीं है लेकिन दिल्ली का मालिक खुजली जहाँ भी मिले दुइ चार झापड़ दे दो उसे 🤣,1
Good afternoon लोहड़ी की हार्दिक शुभकामनाएं,0
तस्वीर बन गया एक तस्वीर,0
जय जय सिया राम जय जय सिया राम जय जय सिया राम जय जय सिया राम जय जय सिया राम जय सिया राम जय जय सिया राम जय जय सिया राम जय जय सिया राम जय जय सिया राम जय सिया राम मंदिर वहीं बनेगा जहाँ राम लला ने जन्म लिया,0
नमस्ते,0
नमन्,0
पहले बताना था न अब तो देर कर दी 🤔🙄,0
"Sant Shri Asaram Bapu Ji कहते हैं, मरे मरे सब कहे मरना ना जाने कोय। जैसे जीवन जीना एक कला है ऐसे ही मरना भी एक कला है।",0
🚶 रहते है 😍 उसके 👩 ख्याल 🗨 हर दिन 🌇 🌌 ☝ तुम ही ✌ बताओ 🗣 दोस्तो 👬 मे कैसै 👈 दू ІТІ 💡 📚,0
किसी को नशीली वस्तु लाकर भी नहीं देनी है। बन्दी छोड़ गरीबदास जी महाराज इन सभी नशीली वस्तुओं को बहुत बुरा बताते हुए अपनी वाणी में कहते हैं कि - सुरापान मद्य मांसाहारी गमन करै भोगैं पर नारी। अधिक जानकारी के लिए साधना टीवी पर सत्संग देखे शाम७:३०बजे,0
तू अपनी औकात बड़वा थुकवा के,1
जिसकी सबसे खिली खिली बनेगी,0
हमारे नाम का आप देखो dear,0
क्यों घबराता है ये मन दुख के होने से जब जिवन का आरंभ हुआ है रोने से 🚩🚩🚩जय श्री राम🚩🚩🚩,0
कब होगा न्याय 69000 शिक्षक भर्ती के अभ्यर्थियों के साथ,0
🚩 जयश्रीराम 🚩 🇮🇳 🚩विश्व हिन्दू परिषद 🚩 नमस्कार 🌹 🙏🙏🌹 🌹 🕉 🐚 ⚔ 🚩 🌞 🇮🇳 ⚔🌷🙏🏻,0
और जब बाटला हाउस पे रो रही थी तब तुम रूमाल से आँसू पोछ रहे थे,0
अभी तो लहरों से खेलना सीखा है अभी तो आत्मीयता में डूबने की रश़्म बाकी है,0
जनसुनवाई संतोषजनक नहीं,0
🙏धन धन सतगुरु तेरा ही आसरा 🙏,0
भाई साब ये क्या मामला हैं पूरा payment credit card से करोगे तो २% extra भी देना पड़ेगा,0
सही कहा आपने 👌,0
स्वामी जी ने अगर तीतर छोड़ा तो समझलो वो तीतर अंततः अपना उद्देश्य पूरा कर ही लौटेगा स्वामी जी बेरंग तीतर कभी नही छोड़ते ये थिंक टैंक है और जब तक जान है थिंक टैंक ही रहेंगे प्रिया बेटा स्वामी जी को कभी हल्के में लेना बेवकूफी होती है,1
जो बोलता है वो देशद्रोही करार दे दिया जाता हैं।,0
🙏🙏 नहीं भाई ये ना सोच कर इंग्लिश सिर्फ आन8 चाहिए ताकि हम समाज मे इनसिक्योर महशूस न करे लेकिन बोलना हिंदी ही चाहिए अपने धर्म को और अपनी संस्कृति को पहचानो,0
क्यूंकि मैं बचपन से ही कंफुजा जाती हूँ 😕 और इधर उधर भागती हूँ 😒 मेरी कुंडली में ही है कंफुजा जाना 😓😕,0
भगवा लाओ दिल्ली में भी,0
बिना थके रुके देश के लिए काम करना सीखना है तो माननीय आदरणीय हृदय सम्राट कर्मठ कुशल संगठन कर्ता गृहमंत्री जी श्रीमान अमित शाह जी का अनुसरण करें,0
आदरणीय मोदी जी नये वर्ष की बहुत बहुत शुभकामनाएँ। ईश्वर आप को इतनी अधिक शक्ति प्रदान करे की भारत की प्रगति की भावना मे विराम न लगे जीत आप की होगी भारत की होगी भारत की जनता की होगी। आप देश के हित के लिए कार्य कर रहे है हम सभी आप के साथ है मोदी जी आप जियो हजारों साल।,0
पहली बार ऐसिड अटैक पे मूवी बनी है। ऐसिड अटैक से कैसे एक औरत की ज़िंदगी और रूह पे चोट पहुँचती है वो दर्शाया जा रहा है। ऐसी मूवी को बॉयकॉट करने की जो बात कर रहे हैं वो इंसान कहलाने के लायक़ नही है। मैं मूवी कम देखता हूँ पर की ज़रूर देखूँगा।,0
JNU में समाजवाद के नाम पर नक्सलवाद पाला जा रहा है,1
बीजेपी MLA ने को जूतों से पीटा और पैशाब पिलाया FIR हुई दर्ज लगेगी आग तो आएगें कई घर जद में,1
देश मे एक बार गठबंधन की राजनीति तय होना जरूरी है इसके लिए समस्त राष्ट्रीय पार्टियों को पहल करना होगी वोटर्स जानता है क़ि वर्तमान समय मे गठबंधन जरूरी है जो क़ि समान विचारधारा समान कार्यक्रम के आधार पर हो स्वार्थवश बेमेल गठबंधन सिर्फ नुकसान पहुँचाते है मतदाता वेवकूफ बना फिरता है ।,0
निर्भया मामले में कोर्ट ने फैसला सुनाया । निर्भया के दोषियों को डेथ वारंट जारी किया पटियाला हाईकोर्ट ने सुनाई मौत की सजा । 22 जनवरी सुबह 7 बजे को होगी फांसी । बधाई हो । सेंगर का भी फैसला जल्द आए भारत की जन्ता इंतेजार कर रही है ।,0
वेलकम डिअर💐💐💐💐💐,0
अर्थव्यवस्था पर पीएम ने सुझाव माँगा है तो 72% लोगो ने अपने सुझाव में मोदी जी से इस्तीफा माँगा है ।।।,0
कल लुणकनसर के जैसा गांव में स्व की याद में आयोजित में हिस्सा लिया व स्वयं रक्तदान करके बहुत अच्छा महसूस किया 🙏 धन्यवाद तमाम रक्तदाताओं व ग्रामीणों का 🙏,0
माननीय सामान्य प्रशासन मंत्री श्री गोविंद सिंह जी एवं अपर संचालक शिक्षा श्री डी एस कुशवाह जी के समक्ष मप्र उच्च माध्यमिक शिक्षक संघ की तरफ से विभिन्न समस्याओं को मद्देनजर रखते हुए अपनी बात रखने के लिए आदरणीय परिहार सर को साधुवाद धन्यवाद एवं सहृदय बधाई तथा शुभकामनाएं,0
गोरख पुर में भी कुछ बच्चे मरे थे।कितने दिनों तक उसपे डिबेट टीवी पर हुआ। प्रदेश--उत्तर प्रदेश मुख्य मंत्री-योगी आदित्यनाथ पार्टी---बीजेपी प्रदेश--राजस्थान पार्टी--कांग्रेस ---कितने बच्चे मरे टीवी पर कितने डिवेट कितनी जाच एजेंसियां इस केस में सक्रिय हुए कितनी विपक्ष केलोग,0
सही कहा आपने,0
प्लेन के सामने रनवे पर नोरा फतेही ने किया ऐसे डांस वीडियो देख लोग हुए हैरान ift tt 2ucsiQu,0
पूर्व सेना प्रमुख जनरल बिपिन रावत ने आज साउथ ब्लॉक में आधिकारिक तौर पर चीफ ऑफ डिफेंस स्टाफ (सीडीएस) की कमान संभाल ली congratulations sir,0
खेल खेल में राजनीती और राजनीती के खेल खेल रहो हो आप लोग रोज रोज कोई भी काम हो रहा हो बस विरोध करना ही है गलत बयानबाजी करके कोई रचनात्मक कार्य कर लो बस देश को कुछ अच्छी राह दिखाओ,1
कैं कैं छी-छी कैं कैं छी-छी पों कैं कैं छी-छी पों कैं कैं छी-छी पों कैं कैं छी-छी कैं कैं छी-छी पों कैं कैं छी-छी कैं कैं छी-छी पों कैं कैं छी-छी पों कैं कैं छी-छी पों कैं कैं छी-छी कैं कैं छी-छी पों कैं कैं छी-छी कैं कैं छी-छी पों कैं कैं छी-छी,0
👉यह मनुष्य जन्म आपको बहुत युगों के बाद प्राप्त होता है इसलिए आप तत्व दर्शी सन्त की शरण जाकर उनकी बताई भक्ति करके मोक्ष प्राप्ति प्राप्त करें। Saint Rampal ji अवश्य देखे साधना चैनल शाम 7:30 से 8:30 👇👇 pscp tv w b0-9fTFwempN…,0
॑⸜(* ॑꒳ ॑* )⸝⋆*,0
आपको भी हार्दिक शुभकामनाएं सर जी💐💐💐,0
तन्हाजी देखने का प्रिगोराम केंसिल अब सिर्फ विवेक अग्निहोत्री के मूवी देखूंगा 🤣🤣,0
देश को बर्बाद कर दिया,1
आप सभी को लोहरी पर्व की हार्दिक शुभकामनाएं,0
"जब आएगा विश्वे बीसा ।न रहेगा ईशा न रहेगा मूसा राज करेगा ""जगदीशा"" तारणहार आ चुके है हरियाणा में पहचान सको तो पहचान लो वह तारणहार संत रामपाल जी महाराज है ये वही संत है जो भेदभाव को खत्म करके सारे विश्व मे शांति स्थापित करेंगे twitter com Urmila49679825…",0
और जोर लगाओ भाईयों,0
"""यही तो हमारे भारत की खूबसूरती है यही पाकिस्तान और हम में अंतर है।"" ये बोलने वालो को नंगा कर के दम भर पिलाई होनी चाहिए।",1
सूर्य तो सदैव प्रकाशमान हैं परंतु हमें को जानकर सूर्यदेव की कृपा का लाभ लेना ही चाहिए तथा जीवन में तरक्की सुनिश्चित करनी चाहिए । pic twitter com mXRYjRpcAg,0
RT महाराष्ट्र : खंडोबाची वाडी (पुणे) में हिन्दू राष्ट्र-जागृति सभा के माध्यम से हिन्दुओं का संगठित होने का निश्‍चय dlvr it RMSb53,0
ये है कौन 🤔,0
को देश में कोई अच्छा नही कहता देते हैं| काँग्रेस ने लगतार किया अब भी जारी हैं |ये जो 73साल से जहर कि खेती हुई हैं के नाम पर ऐसे ही रहा तो वो दिन दूर नही जब भीम आर्मी वाले दौड़ा दौड़ा कर भगायेंगे|,1
कम्यूनिस्टों का यही फसाना है बस्ती भी जलानी है और मातम भी मनाना है।,1
आजादी कन्हैया वाली अब तेरा क्या होगा तो अपनी रोटियां सेक गया अब छपाक फिल्म की प्रोड्यूसर खुद दीपिका पदुकोण को यह हर्जाना भुगतना पड़ेगा रणवीर अपने के प्रमोशन में मे शामिल हो जाना,0
मुक्ति की ओर जाने का मार्ग श्रीअरविंद के वचन aurodunia com p=5876,0
अब इंदिरा जी की आत्मा से पूछना पड़ेगा हो सकता है। वो वो न हो जो कहना चाहती हो। सम्भावनाओ प्रबल है जो हमको अंदेशा है।,0
सी ए ए तो केवल एक बहाना है। कांग्रेस को अपनी राजनीति चमकाना है ।,0
के मित्रों और सभी लोगों आप लोगों को अपनी ताकत दिखानी है इस ट्रेंड पर सभी लोग शिवसेना के मंत्री को टैग करके अपनी बात रखें और यह मांग करें कि मराठाओ के शौर्य को दर्शाती हुई मूवी को टैक्स फ्री करें Maharashtra me,0
सेंगर को सजा होगी इतने बड़े पद के बाबजूद बीजेपी ने पद से हटाया पद फायदा नही ले पाया अगर ये और किसी पार्टी में होता तो बहुत बड़ा फायदा ले लेता।,0
यदि जी को आगे बढ़ाते है तो भविष्य में का रीढ़ मजबूत हो जायेगा इनके भाषण में इतना दम है बड़े-बड़े को पछाड़ सकता है इनके भाषण को एकबार जरूर सुनें youtube com channel UCKcue…(YouTube Channel Link),0
इसमें मेरा और पत्नी का मूलांक 6 है और पूर्णांक 9 मगर ये हो न सका और अब ये आलम है कि 🌹,0
शुभ संध्या जय श्री कृष्ण,0
आज का ज्ञान 🤔🤔🤔🤔🤔 बिना एक-दूसरे को देखे दिमाग चाटने की क्रिया को चैटिंग कहते हैं 😂😂😂,0
क्या मानव श्रृंखला जैसे कार्यक्रम राजनीतिक लाभ में बदल सकते हैं। क्या आम वोटर की ज़िंदगी मे यह इतना महत्व रखता है कि वह जदयू को वोट देना निश्चित कर ले।,0
देश मे आज से लागू। गृह मंत्रालय ने जारी की अधिसूचना,0
"""भक्ति करेगा हर इंसान चोरी छल-कपट भ्रष्टाचार व्याभिचार निर्लजता का न रहेगा नामोनिशान।""- संत रामपाल जी महाराज",0
ओम सूर्याय नमः,0
"""अखण्डमण्डलाकारं व्याप्तं येन चराचरम् ।तत्पदं दर्शितं येन तस्मै श्री गुरूवे नमः॥ अज्ञान तिमिरान्धस्य ज्ञानाञ्जन शलाकया।चक्षुरून मीलितं येन",0
और ११० करोड़ लोगो का क्या थोड़ा तो बड़ा हो जा ना यार 😀😀😀,0
कलाम को सलाम है 😀,0
सत्तर साल में उजाला नही किया।छह साल में उजाला चाहते हो।सत्ता के लिए आग तुमलोग लगा रहे हो।ये देश सब समझ रहा है तुम्हारी दिल्ली में खाता नहीं खुलेगा।,0
शेहला की गतिविधियों की निन्दा करेंगे हर शहलाओं से हमारी बहनों को बचाने का आह्वान करेंगे।आरफा जी के बारे में और पढ़िए पुष्ट तथ्य ही मैं रखता हूं।,0
है पहले ठंडे पानी से नहाकर आओ फिर मिलेगा अवॉर्ड,0
तू भूत भविष्य वर्तमान तू कर्म तू विधान तू सत्व तू ममत्व तू संध्या दिवस विहान 🙏,0
500 स्कूल बनाने के वादे की पोल खुद जी खोल रहे है। 5 साल मे बना सिर्फ एक स्कूल। अगर यही स्पीड रही तो 500 स्कूल 250 साल में बनाकर तैयार करेगी आप सरकार। 🤔,0
अब कौन सा सबूत चाहिए,0
रोहित काश ये देखने के लिए आप जिंदा होते: आज हर सड़क पर संघर्षों के नायक बाबा साहब ही हैं boltahindustan in social remembe…,0
भाई को जन्मदिवस की अनंत शुभकामनाएं 💐💐💐💐💐💐,0
दलितों के मसीहा कहाँ है और सत्ता के लिये संघर्षरत घङियाली आँसू बहाने वाला आदि को साँप सूंघ गया है क्या,0
नमस्ते सर जी🙏,0
जालीदार टोपी और लम्बे कुर्तों से दंगाईयों का पता नहीं लगाया जा सकता लेकिन नक़ाब पहने लोग के है यह तुरंत पता लगाया जा सकता है।,0
जैसे ही आप शांतिपूर्ण मुद्दों पर ट्वीट करते हो तो चमक कम हो जाती है अर्थात रिट्वीट कम देखने को मिलते हैं लेकिन सरकार के खिलाफ ट्वीट करते हो तो रिट्वीट ज्यादा मिलते हैं।,0
"🙏🏻जय माँ अंबा🙏🏻 दिल से ज्यादा"" ऊपजाऊँ"" जगह और कोई नही हैं *क्योकी यहाँ जो कुछ ""बोया"" जाये**बढता ज़रूर हैं फिर चाहे वो ""प्यार"" हो या नफरत"" || विधाता की अदालत में वक़ालत बड़ी प्यारी है ख़ामोश रहिये कर्म किजिए आपका मुकदमा ज़ारी है",0
मेरे हिसाब से बात सही है। यह बिल्कुल perfect बात किया है लेकिन गाली देने का तरीका थोड़ा सा अच्छा करना था। बात सही है मैं मानता हूं।,0
आपके क़ालीन देखेंगे किसी और दिन आकर इस वक़्त तो मेरे पाँव कीचड़ से सने हैं,1
JNU में पुलिस गुंडों को सुरक्षा देने के लिए खड़ी है छात्र बुरी तरह घायल हैं मतलब हमला करवाया जा रहा है,0
आज अपने आप पे शर्म आ रही है कि हम अपने पैसों को खर्च करके ऐसे लोगों को पावरफूल बना रहे हैं जो आगे चलकर दिपिका पादुकोन जैसे लोगों को मजबूत करती है। ऐसे लोगों का बहिस्कार होना चाहिये।,1
मेरे लिए मेरी जान है भारत हम भारत के संविधान में पूरा भरोसा रखते है संविधान है तो हम है अगर मुझे धर्म और देश चुनने को कहा जाएगा तो हम देश पहले धर्म बाद में देश रहेगा तभी धर्म रहेगा,0
गुरु गोबिंद सिंह भक्ति तथा शक्ति के अद्वितीय संगम थे। उन्होंने सदा प्रेम एकता भाईचारे का संदेश दिया। किसी ने गुरुजी का अहित करने की कोशिश भी की तो उन्होंने अपनी सहनशीलता मधुरता सौम्यता से उसे परास्त कर दिया।,0
संघी सोच कभी भी राष्ट्र का भला नहीं कर सकती,0
सदियों का रिश्ता है बाबा और बाबा के पूर्वजों का समझो क्रोनोलॉजी 😂😂😂,0
कल इसीलिए वफ़ादारी का राग आलाप रहा था😂,0
सही जवाब दीया है,0
केन्द्र सरकार भाजपा जेएनयू के कुलपति और पूरा प्रशासन दिल्ली पुलिस ने मिलकर जिस तरह से क्रूरता और जघन्य अपराध किए हैं उसे देखते हुए इस व्यवस्था से कोई न्याय सम्भव नहीं है।दो ही विकल्प हैं देश बचाओ प्रखर आन्दोलन या घुट घुट कर मरना।,1
मेरा हेंडल,0
माखनलाल चतुर्वेदी जी की कालजयी रचना 🙏,0
अब तक घोषणा पत्र केवल एक कागज़ का टुकड़ा बनकर रह जाते थे। लेकिन मैं दावे के साथ कह सकता हूं कि आप हमारा 2014 का घोषणा पत्र उठाकर देख लीजिये भाजपा 90% कार्य पूरे कर चुकी है:- श्री जी,0
भाई ये वोही किरोड़ीलाल है ना जिनके ट्विटर अकाउंट को ब्लू टिक दिलाने के लिए # टैग चलाया था हर वक्त बहुजन समाज का रोना रोने से पहले हम लोगो को अपने ही समाज के बिके हुए मौका परस्त लोगों को समाज के सामने लाना होगा,1
केरल पर्यटन विभाग का हिन्दुओं की आस्था पर वार पर्यटन को बढावा देने के नामपर मकर संक्रांति के दिन गोमांस की डीश को ट्विट किया केरल पर्यटन क्या कभी ‘पोर्क’ की डिश को दिखाने का साहस करेगा पढें विस्तृत - hindujagruti org hindi news 151…,0
जी नव वर्ष के उपलक्ष में हमें भी आपका आशीर्वाद रूपी फॉलो बैक चाहिए🙏🙏,0
हर्बल पावर वीटा में है ब्राह्मी शंकपुष्पी अश्वगंधा आदि जड़ी-बूटियों की शक्ति जिससे मिले आपको प्राकृतिक पोषण। यह आपके बच्चों का कंसंट्रेशन और फोकस बढ़ा कर दिमाग तेज बनाने में भी बहुत लाभदायक है। Buy Now: bit ly 2MGUYYz,0
4 0 ओवर के बाद नामीबिया 7 1 ज़ेन ग्रीन 4 (10 गेंद) जेपी कोट्जे 2 (3 गेंद) sports ndtv com hindi cricket …,0
जय हिंद महान की जय श्री रामजी की,0
जो इश्क़ फ़िल्म में अपनी लड़की का नही हुआ है वो अब देश के बारे में बोल रहा है 😂😂,1
पप्पू सर्कस का मजा लीजिये,0
भगवा अपना जीवन हैं भगवा अपनी पहचान भगवा से है हिन्दू भगवा से ही सारा हिन्दुस्तान।🚩,0
सब नौटंकी है,0
सब एक लड़ाई लड़ रहे है फर्क बस इतना है कुछ ज़ोर ज़ोर से चिल्ला रहे है और कुछ धीमे धीमे मुस्करा रहे है,0
।। श्री राम जय राम जय जय राम ।। 🙏🙏🙏🙏🙏🙏🙏🙏🙏🙏,0
👉इतिहास मे सच बोलने के लिए राजा हरीशचन्द को याद किया जाता है 🤔आने वाले समय मे झूठ बोलने के लिए किसे याद किया जायेगा 🙈,0
पयोव्रत : 24 फरवरी से 6 मार्च अद्भुत प्रभाव-सम्पन्न संतान की प्राप्ति की इच्छा रखनेवाले स्त्री-पुरुषों के लिए शास्त्रों में पयोव्रत करने का विधान है । यह भगवान को संतुष्ट करनेवाला है । यह फाल्गुन मास के शुक्ल पक्ष में किया जाता है । pic twitter com dcFZfSM2jU,0
आपको इसमे भी प्रॉब्लम नजर आ रही है too much है अब बस भी करो constitution से मन भारी हो गया शायद चलो नया साल नया मुद्दा,0
इनको हिन्दुओं की संस्कृति सभ्यता की इज़्ज़त करनी चाहिये । जिस कोम ने इनको यहाँ प्यार से रखा ये उसे मिटाने की बात करते है इंसान कहलाने के क़ाबिल नहीं है,0
पहली बार देखा इतना बड़ा 😮,0
पाकिस्तानी मुस्लिमो को हिंदुस्तान में बसाने के जुनून में खुद ही अपने औरतों बच्चो को सड़क पर ला दिया जो तीन तलाक के मुद्दे पर औरतो के लिए बेघर होने पर मुवावजा मांगते थे। बस नाम रहेगा,1
अच्छा है मूर्खों को भाव देके क्या मिलने वाला ।🤷‍♂️,1
श्री नानक देव जी अमृतवाणी में कहते हैं कि सर्व शक्तिमान परमात्मा आप की सुन्दर आँखें हैं। सुन्दर दांत हैं। आप का नाक भी अति सुन्दर है। आप के बाल चमकीले लम्बे हैं। आप का शरीर स्वर्ण जैसा है। श्री गुरु ग्रन्थ साहिब के पष्ठ 567 1257 764 पर महला 1,0
A घोष सिर्फ ये बता दें 16 टाके कहाँ है अब ये मत कहना कि मैंने मेरे सिर की बात नहीं कि थी मैंने बैंडेज पर 16 टाके की बात कही थी,1
Yes Sir लेकिन भविष्य को ले कर चिंताएँ बढ़ गयी है। ईश्वर से प्रार्थना है कि भविष्य में स्टेबिलिटी रहे। धन्यवाद।,0
मानव भइया जिंदाबाद💪💪💪,0
टुकड़े गैंग और कांग्रेस के समर्थन के बाद भी छपाक फिल्म तानाजी फिल्म के आगे गिरी धपाक 🤣,1
कुत्ता भी गाने लगा रानू मंडल का गाना😂😂😂😂,0
मुख्यमंत्री ने पहली बार प्रदेश में राज्य खेलों के आयोजन के लिए खेल राज्यमंत्री जी अन्य आयोजकों को बधाई दी और कहा कि इस आयोजन के माध्यम से प्रदेश में खिलाड़ियों की एक नई पीढ़ी तैयार हो सकेगी और युवाओं को प्रोत्साहन मिलेगा l,0
केजरीवाल की तरह ईमानदार राजनीति कीजिए।जनता को सुविधाएं दीजिए।जनता साथ देगी। बीजेपी के आतंकवाद से राज्य को बचाइये।,1
तिलकामांझी भागलपुर विश्विद्यालय के प्रॉक्टर DSW योगेंद्र महतो लगातार देश विरोधी संदेश जारी करते रहते है विश्विद्यालय का एक अधिकारी इस तरह की हरकत करे यह अशोभनीय है,1
सत्य वचन गुरुजी के,0
संत रामपाल जी महाराज जी द्वारा दी गई शास्त्र अनुकूल साधना सब को एक सूत्र में बांधे कि वह सबका मानवता धर्म बन जाएगा आप भी अवश्य देखें श्रद्धा चैनल दोपहर 2:00 बजे,0
आपके लेटर पेड पर प्राथमिक जानकारी लिख कर वहां के SP आफिस ओर लोकल थाना जो आपके क्षेत्र में लगता है एक प्रति वहां पर देवे 🙏,0
उत्तर प्रदेश मैं शिक्षा में आमूलचूल परिवर्तन कहने वालों का झूठ का खुलासा करती हुई यह रिपोर्ट।माननीय जी जनता अब पागल नहीं रह गई है कि जैसा आप चाहोगे ऐसे पागल बना दोगे सब जानते हैं।,1
जन्मदिन की शुभकामनाएं। राज्यसभा सांसद और के उपाध्यक्ष श्री ओम माथुर जी को जन्मदिन की हार्दिक बधाई ईश्वर आपको सदा स्वस्थ और चिरायु रखे। यही कामना है।,0
गुरु गोविंद सिंह जी की जयंती पर गुरु जी को शत शत नमन🙏🙏,0
गर्व : दुनिया के ‘8 अजूबों’ की लिस्ट में हुआ शामिल Follow Us youthtrend in statue-of-unit…,0
खराब दिनों में आतंकवादी पुलिस से छुपते फिरते थे ऐसे अच्छे दिन आए हैं की अब आतंकवादी DSP के साथ जीप में घूमते हैं।,1
हमने माँ - मासी में कभी कोई फर्क न समझा मैं कहता हूँ जो माँ मासी को तो माँ भी मुस्कुराती है।,0
माननीय मुख्यमंत्री जी आप तो जन हितैषी व्यक्ति हैं।मेरी सहायता भी कीजिये मुझे और मेरेसाथियों को november-दिसंबर माह का वेतन अब तक नही मिला आखिर कब हमें नियमित रुप से (हर माह) वेतन समय पर मिलेगा।आपसे विनती है इस प्रार्थना पर संज्ञान लेवें । - एक मामूली शिक्षाकर्मी,0
जय हनुमान ज्ञान गुण सागर जय सियाराम जी जीवन मंगलमय हो,0
जन्मदिनको शुभकामना,0
अटल बिहारी वाजपेई दो रुपए किलो चावल ₹3 किलो चावल कर गया लेकिन मोदी ने कौन सा गरीब के लिए क्या किया है जो पॉइंट 9 गरीब से कोई इंटरेस्ट नहीं है मोदी को सिर्फ अपने स्वार्थ के लिए जी रहा है मोदी,1
श्रद्धेय फतेहपुर चंद जी विज को पुण्य तिथि पर श्रद्धा पूर्वक शत शत नमन ।मेरा सौभाग्य है कि उनके दर्शन तथा मार्गदर्शन पाने का अवसर मिला ।माँ भारती के सच्चे सपूत पर हमें गर्व है ।,0
इतना ज्ञान था तो हारे क्यो,1
जी को पाकिस्तान के दलित भाइयों की तो चिंता है पर अपने देश के दलितों की सुध लेने की जरूरत ही नही सझते। यहां रोज़ लांखो दलित के साथ अन्याय हो रहा हैं उसकी सुध क्या अब अफ्रीका लेगा,0
मुसलमान मुसलमान होता है सच्चा या झूठा नहीं,0
मांस खाना महापाप है कबीर परमात्मा कहते हैं यह मनुष्य जन्म कई युगों के बाद प्राप्त होता है इसलिए इसे व्यर्थ न गवाकर सदकर्म व सतभक्ति करके मोक्ष प्राप्ति करो जानकारी के लिए देखें सत्संग 7:30 pm,0
हाँ 🙈🙈🤣🤣 ये तो सही जी गया फिर भी। ऐसे कैसे 🤔😅😅,0
बहुत सुन्दर,0
हस्बैंड ग़ुस्से में- क्या तुमने मुझे कुत्ता कहा पत्नी चुप😗 हस्बैंड- क्या तुमने मुझे कुत्ता कहा पत्नी चुप😗 पति- क्या तुमने मुझे कुत्ता कहा पत्नी- नही कहा प्लीज अब भोकना बंद करो😂😂😝😝😛,0
दिल्ली bjp अध्यक्ष तक तो ठीक है पर cm कैंडिडेट कोई और हो तो ज्यादा ठीक रहेगा मेरे नजर में हर्षवर्धन,0
बस मैंने movie देखी हो नहीं तो मेरे ऊपर से गया,0
भाजपा बहराइच के नवनियुक्त सभी मण्डल पदाधिकारियों को हार्दिक बधाई भाजयुमो बहराइच के कई साथियों को भाजपा की मुख्यधारा में दायित्व धारी होने की अनन्त बधाई व उज्ज्वल भविष्य की शुभकामनाएं आपका अपना शुभम् पाठक जिला मंत्री भाजपा युवा मोर्चा बहराइच 💐💐💐💐💐💐💐,0
सरकार को अविलंब जनसंख्या विस्फोट को रोकने के लिए सख्त कानून लाना चाहिए,0
लेकिन वो उनके जैसे नहीं है।,0
साथियो। मुझे किसी भी हैंडल मे अम्बेडकर आदिवासी संविधान जय भीम जय जोहार लिखा दिख जाता है तो फॉलो कर लेता हूँ 60% लोग तो फॉलो बैक देते ही है। क्या आप भी ऐसा ही करते हो अभी तक आपको फॉलो नही किया तो कमेन्ट मे अपना हैंडल लिखे मुझे फॉलो करे आपको फॉलो बैक करूंगा,0
कलकत्ता उच्च न्यायालय ने भाटपारा नागरिक निकाय प्रमुख के खिलाफ अविश्वास प्रस्ताव रखा कोलकाता समाचार – टाइम्स ऑफ इंडिया rkvmagzine com %e0%a4%95%e0%a…,0
आप तो हर सवालों का जबाब देते हैं जी जी इनका भी दे दीजिऐ,0
क्या बात है 👍,0
ऐसे ही लिखते रहो बहन ताकि जाहिल मुस्लिमों को कुछ समझ आ जाय।तुमको इसके लिए गालियां भी सुननी पड़े तो देशहित मे आशीर्वाद समझकर बर्दाश्त कर लेना।,1
ये इन्सानियत की पहचान हैं असली इंसान । 👍👍👍👍👍👍👍👍👍👍,0
अभिवादनशीलस्य नित्यं वृद्धोपसेविनः। चत्वारि तस्य वर्धन्ते आयुर्विद्या यशो बलम्।। 'जो माता-पिता और गुरुजनों को प्रणाम करता है और उनकी सेवा करता है उसकी आयु विद्या यश और बल चारों बढ़ते हैं।' (मनुस्मृतिः 2 121),0
ऑफ एजुकेशन में आखिरी माह दिसम्बर 2019 के 3 टॉपर विद्यार्थी 1st - रिमझिम 2nd - विमलेश और 3rd - कुंजबिहारी को आदरणीय श्री सूरज सर के द्वारा पुरस्कार से सम्मानित किया गया। @ Ikauna instagram com p B6yNld8niml …,0
@ संतुष्ट जीवन सफल जीवन से सदैव श्रेष्ठ होता है क्योंकि सफलता सदैव दूसरों के द्वारा आंकलित होती है जबकि संतुष्टि स्वयं के मन और मस्तिष्क द्वारा 🙏🏻 🌞 *सुप्रभातम्* 🌞 🙏🏻,0
एक निशानी बताएं उदास लोगो की यह हंसते बहुत है साब माही अम्बेडकर ❣️☺️,0
*जोधपुर चलो* *जोधपुर चलो* मारवाड़ जंक्शन विधानसभा क्षेत्रवासियो से निवेदन किया जाता है कि जोधपुर में देश के *माननीय गृह मंत्री श्री अमित शाह जी नागरिकता संशोधन अधिनियम (CAA) 2019 के समर्थन में दिनांक 3 जनवरी 2020 को जनजागरण सभा को सं,0
अपने चाचा और पापा को किसने अलग किया,0
नही दिया था वोट तुम्हे कुछ नौकरियों के मसलों पर नही दिया था वोट तुम्हे चोरी घोटाले घपलों पर नही दिया था वोट तुम्हे हम गाड़ी बंगला पा जाएं नही दिया था वोट तुम्हे हम मुफ्त सिलिंडर उठवाएँ भारत माँ के हाथों में केसरिया मेहंदी रची रहे वोट दिया था तुम्हे सनातन पीढ़ी ज़िंदा बची रहे,0
शनिवार 18 जनवरी: जानिए भारत के बड़े शहरों में आज के पेट्रोल-डीजल के भाव jaihindustannews com 2020 01 18 sat…,0
":- ""मतलब"" जिसने पाकिस्तान को लात मारकर भारत को चुना उसे वापस पाकिस्तान भेजा जाएगा। ""मतलब"" जिसने हिन्दूस्तान को लात मारकर पाकिस्तान को चुना उसे भारत कि नागरिकता दि जाएगी। अजीब नहि लग रहा है।🤔🤔🤔",1
ऑम शांति ।,0
तुम जरा कस के थम लेना मएड़ी हथेली को अच्छा लगेगा इन लकीरों का लकीरों से बात करना,0
"फ्लोरेंस की भविष्यवाणी ""संत रामपाल जी"" के बारे में   ""कि उस संत की विचारधारा क्रान्ति से भौतिकवादी मान्यताएं बदलेंगी और बुद्धिजीवियों में ऐसी चिन्तन चेतना का विकास होगा जिसे आध्यात्मवादी सोच कहने में किसी को कदाचित ही संकोच होगा।",0
सर मैं U P से हूं लेकिन 2012 से दिल्ली में रह रहा हूं मेरी वोट नहीं है दिल्ली में लेकिन मेरे परिवार गांव शहर के बहुत से लोग रहते हैँ और वो बी J P को वोट देते थे लेकिन इस बार सिर्फ केजरीवाल सरकार आपने जिस तरह स्कूल और अस्पताल के लिए काम किया है I really impressed sir,0
शुक्रिया संगीता जी 🌝👉💐💐🥀💐,0
"कोई बता सकता है कि सब लोग ""इज्जत"" की रोटी कमाना चाहते हैं लेकिन कोई ""इज्जत"" की सब्जी क्यों नहीं कमाना चाहता 🤔🤔 😜😝",0
हिंदू देवी देवताओं का कई बार अपमान कर चुकी ने इस बार अपमान किया सिख धर्म का दर्ज हुई FIR,0
जिसने CAA की आड में देश के रखवालो पर पत्थर फेंके उसपर राष्ट्रहित मे पाबंदी आवश्यक है PFI पर पाबंदी लगाओ देश बचाओ,0
"""सर्व शक्तिमान परमेश्वर कबीर"" पूर्ण परमात्मा आयु बढ़ा सकता है और कोई भी रोग को नष्ट कर सकते है।। जानने के लिए देखिये 👇👇 साधना TV पर 7:30 PM से",0
तेरा मेरा रिश्ता क्या।। पूरे परिवार सहित 500 में बिकने का।। 😂😂😂😂,0
जब तक क्रान्ति नहीं होगी,0
हाद्रिक शुभ कामना,0
जन्मदिन की शुभकामनाएं सर 💐💐,0
मुमकिन है ।,0
मैं पंकज सिंह प्रयागराज की धरती से आपका अभिनंदन करता हूं माघ मेले में जो भी व्यवस्था प्रशासन द्वारा की गई है उससे आने वाले श्रद्धालुओं को काफी सहायता प्रदान हो रही है,0
पूर्ण परमात्मा कबीर साहेब जी Saint Rampal Ji Maharaj के रूप में अवतरित है जो हमे वास्तविक भक्ति प्रदान कर फिर से हमे हमारे निज घर सतलोक ले जाने के लिए आए हुए है जहा जाने के बाद कभी जन्म व मरण नही होता है सतलोक एक अमर स्थान है।,0
दि फिल्म प्रमोशन केवल एक पक्ष के साथ ही क्यों जबकि आपको पता है कि यह बहुत ही संवेदनशील स्थिति में है जेएनयू,0
एक तरफ तो आप भक्ति करते हो और दूसरी तरफ आप बेजुबान निर्दोष जानवरों की हत्या कर उनका मांस खाते हो। सभी जीव परमात्मा की प्यारी आत्मा है तो फिर मांस खाने से परमात्मा प्राप्ति कैसे होगी,0
GST मैं खुद लगा के दूंगा किसकी हिम्मत है जो टच कर जाए फिर,1
सारा टैक्स जा कहाँ रहा है 🤔,0
संत रामपाल जी महाराज द्वारा दी गई शास्त्रानुकूल साधना सबको एक सूत्र में बांधेगी व सबका मानवता धर्म बन जायेगा।पूरे विश्व में एक संविधान बनेगा एक नियम एक कानून बनेगा। सभी के लिए समान कायदा समान नियम होगा। अधिक जानकारी के लिए साधना टीवी पर शाम 7:30 बजे से 8:30 बजे,0
सतयुग में सभी परमेश्वर के संविधान के अनुसार पराई स्त्री को बहन बेटी माता के तुल्य देखा करते थे उनके अंदर दोष नहीं रहता था। आज यह गुण यदि देखने को मिलेगा तो वह Saint Rampal Ji महाराज के अनुयायियों में ही देखने को मिलेगा। देखे साधना TV शाम 7:30pm,0
इंदिरा गांधी एक बार JNU में दंगों के दौरान गईं थीं तब दंगा करने वाले students में थे उनकी थोड़ी धुनाई भी हुई और इंदिरा जी ने अपने सामने उनसे लिखकर माफी मंगवाई थी। ये fact है और इसकी तस्वीर भी है तब Yechury के बाल काले थे।,0
‘तानाजी: द अनसंग वॉरियर’ के आगे फीकीं पड़ी दीपिका की ‘छपाक’ जानें दोनों फिल्मों का अब तक का कुल कलेक्शन nedricknews in box-office-col… via,0
परमात्मा ने हम मनुष्यों के खाने के लिए फलदार वृक्ष तथा बीजदारआदेश पौधे दिए हैं मांस खाने का नहीं दिया।हिंदू मुस्लिम को माँस खाने का आदेश नही है परमात्मा का मांस खाने वाले घोर नरक में ठोके जाएंगे परमात्मा का विधान है🙇🙇🙇 Saint Rampal Ji,1
माननीय प्रदेश अध्यक्ष जी आप के नेतृत्व में 16 जनवरी को वैशाली में भी नागरिक संशोधन कानून के समर्थन में माननीय गृह मंत्री अमित शाह जी का विशाल रैली होगा की तैयारी के लिए हम सभी लोग संपर्क अभियान चला रहे हैं,0
हिंदुस्तान में रहने वाले सभी लोग हिंदू हैं- मोहन भागवत🚩 भारत मे रहने वाले सभी लोग भारतीय हैं-संविधान 🇮🇳,0
आपको भी वर्ष 2020 की हार्दिक शुभकामनायें।,0
इश्क गर अधूरा है तो अधूरा ही रहने दो पूरा हो जाएगा तो बर्तन ही धुलवायेगा,0
जय श्री कृष्णा 🙏,0
हम शिक्षा- स्वास्थ -महंगाई-बेरोज़गारी के मुद्दे उठाएंगे हम जुमलों और झूठ के बहकावे में नहीं आएंगे हम संविधान को बचाएंगे हम कागज़ नहीं दिखाएँगे,0
Anurag kashyap k bad ab कुछ अंध भक्त दीपिका के खिलाफ भी ढेर सारा प्रोपेगंडा करेंगे जिसमे चरित्र हनन तक बात पहुचेगी। इन चुtiयों को कोई समझाने वाला भी नहीं है।,1
लाज़िम है कि हम तो बोलेंगे।।,0
संत रामपाल जी महाराज कबीर परमात्मा के ही अवतार हैं संत रामपाल जी महाराज हमें काल के लोक से मुक्त कराने के लिए धरती पर अवतार आए हैं अधिक जानकारी के लिए सुने संत रामपाल जी महाराज का सत्संग साधना चैनल पर रात्रि 7:30 और पढ़े पवित्र पुस्तक जीने की राह,0
कहां trolls से भीडे हुए हैं। Protest किजीए न सड़क पर। सिनेमा भी बनाइए उ Gang वाला। बिना मतलब का ब्लड प्रेशर हाई किए हुए हैं ट्विटर पर। - आपके फिल्मों का प्रशंसक,0
वो नीची निगाहें वो हया याद रहेगी मिल कर भी न मिलने की अदा याद रहेगी मुमकिन है मिरे बाद भुला दें मुझे लेकिन ता उम्र उन्हें मेरी वफ़ा याद रहेगी,0
आज इस ट्रेंड और मिस कॉल नंम्बर ने पूरे भाजपा के कैंपेन की हवा निकाल दी। चारो तरफ थू थू हो रही है 😂😂😂,1
कुंडली भाग्य 17 जनवरी 2020 एपिसोड रिकैप: माहिरा ट्रक से टकरा गई hindinewstime com %e0%a4%95%e0%a…,0
भारतीय दर्शन के पुन:उद्धारक विश्वनायक महान आध्यात्मिक गुरु युवाओें के प्रेरणास्रोत दार्शनिक एवं कवि स्वामी विवेकानन्द जी के जन्मदिवस पर उन्हें सादर नमन व स्मरण। आपका जन्मदिवस युवा दिवस के रुप में भी मनाया जाता है। सभी युवा बंधुओं को युवा दिवस की हार्दिक शुभकामनाएं,0
Sant Shri Asaram Bapu Ji कहते हैं - देवी-देवताओं के संत-महात्मा-महापुरुषों के चित्रों के दर्शन से आम जनता को अनजाने में ही जीवनशक्ति का लाभ होता रहता है। hariomgroup org hariombooks_sa…,0
ईरान ने लाल झंडा फहराकर अमेरिका से युद्ध के संकेत दिए है।,0
आज अनेक जिलो में आयोजित नामचर्चा में लाखों की संख्या में लोगों ने बढ़ चढ़ कर भाग लिया और अनेक मानवता भलाई के कार्य करे,0
हाय दैया मैं कहाँ आ फसी ऐसी फसी रोना आये ना मुझे आये हँसी,0
मोदी और ट्रम्प दोनों एक ही राशि के है लगते,0
मांस शराब बीड़ी इत्यादि नशीली पदार्थ का उपयोग करने वाले एक बार इस वीडियो को देख कर पुनः विचार करें मीट खाने के कितनी बुरी सजा है यह आपको आज पता नहीं है लेकिन पूर्ण परमात्मा कबीर साहिब ने बताई है,0
चुनाव के समय विक्रम बत्रा याद आते हैं और चुनाव जीतने के बाद अफ़रोज़ को सिलाई मशीन और ₹10000 देते है जिसने निर्भया का बलात्कार किया।,1
हाँ,0
आपने एकदम सही कहा बहन जी।,0
*केवल प्राण निकलने से मृत्यु नहीं होती मरा हुआ तो वोह भी है जो अपने राष्ट्र और धर्म पर आघात होते देख कर भी मौन है*🇮🇳।। *नमस्ते सदा वत्सले* *मातृभूमे* ।।🇮🇳,0
गरीब की शान है भगवा वंचित का मान है भगवा शोषित की आन बन गया भगवा हम सब का सम्मान है भगवा राजनीति के सौदागरों को चुनौती है भगवा देश का स्वाभिमान है भगवा माँ भारती की पहचान है भगवा,0
इस्लाम तो जब से इंसान पैदा हुआ तब से है मोहम्मद साहब तो इस्लाम के केवल आखिरी दूत थे इस्लाम के संस्थापक नहीं थे इस्लाम के आखिरी सुधारक थे,0
क्या तुम हार्दिक पटेल को कांग्रेस प्रमुख पद का दावेदार घोषित कर सकती हो या फिर गांधी नेहरू फैमिली का ही उसके उपर एकाधिकार रिजर्वेशन है वैसे याद रखना गुजरात का पटेल समाज अपनी मेहनत की कमाई का ही खाता है यह बात को समझ लेनी चाहिए।,0
कबीर परमात्मा ने मृत गाय को जीवित किया जिसका कत्ल सिकंदर लोदी ने कर दिया था 👇👇👇 youtu be HOAfodbsZiA,0
अधीर रंजन चौधरी,0
उजड़ खेड़े ठिकरी घड़ घड़ गये कुम्हार | रावण सरिखे चले गये लकां की सिखदार || तेरी क्या बुनियाद है जीव जन्म धर लेत | गरीबदास हरिनाम बिना खालि रह जा खेत ||,1
लगता है रावत जी पहले आप ने ही cds से सेवानिवृती ली है।,1
सर उसे कहना विराट कोहली जैसे हिंदुस्थानकी पिचपें खेलता है वैसेही आॅस्ट्रेलियाके पिचपें खेलेगा,0
Sir कृपया एक कार्यक्रम ग्राम लोहदा गौशाला के निरीक्षण एवं चौपाल हेतु बनाएं एवं श्री श्री ठाकुर राधा वल्लभ जी महाराज (१९४५)एवं विश्वेश्वर महादेव (१८७०)के दिव्य दर्शन लाभ भी प्राप्त करें ।,0
देश के नोजवान स्वामी जी से प्रेरणा लें बस यही कामना है। नमन,0
घृणा देखे पोंगाराज की फास्सिटो द्वारा प्लानिंग के तहत कैसे शांति से विरोध प्रदर्शन करने वाले बहुजनो को मार मारकर विरोध को दंगा बनाया जाता ताकि गोली चलाने का बहाना मिल सके और प्रदर्शन को बदनाम कर सके ये हैदराबाद का ipS अधिकारी अवनीश मोहंती बताया जा रहा है,1
ये वही लोग हैं जो बोलते हैं कागज नहीं दिखाएंगे और दूसरे से ये कागज nameplate वगैरह वगैरह की मांग करते हैं,1
ॐ नमः शिवायः जय भोलेनाथ।।,0
- Yajurved 5:32 उशिगसी = (सम्पूर्ण शांति दायक) कविरंघारिसि कबिर परमेश्वर (पाप का (अरि) शत्रु (असि) है। बम्भारिसि =(बम्भारि) बन्धन का शत्रु अर्थात् बन्दी छोड़ कबीर परमेश्वर है। Sadhna TV 7 30to 8 30pm,0
तीन तलाक से बेघर होती रहीं तब क्यों ना निकली बेटियां जेठ ससुर मौलवी करते रहे हलाला तो क्यों ना निकली बेटियां मेहर के नाम पर नन्ही कलियां बिकीं तो क्यों ना निकली बेटियां मुतहा निकाह होता है तो क्यों ना निकली बेटियां कभी बुरके से माँगने को आजादी तो क्यों ना निकली बेटियां,0
68 लाख मिसकॉल मे से शीध्रपतन टेढ़ापन पतलापन और सेक्स-चैट के मकसद से की गई कॉल अलग करो फिर बताओ कितनी मिसकॉल आई अमित शाह 😂😂😂,1
विरोध में मुसलमान नही हैं सर वे सभी लोग हैं जो अपने देश और संविधान को प्यार करते हैं लेकिन भाजपा सरकार एकतरफा कार्रवाई कर इसे हिन्दू-मुस्लिम रंग देकर राजनीति को भी शर्मसार कर रही है 😢,1
सरकरों के असंवैधानिक आदेश मानने के लिए अधिकारी बाध्य नही हैं। ऐसे अधिकारी जो सरकार के गलत कामो मे सहयोग करते हैं सजा होनी चाहिए।,1
अधीक्षक के निर्देशन में थाना मोहनगंज पुलिस द्वारा चोरी के माल मशरूका के साथ अभियुक्त रवीन्द्र चौरसिया पुत्र श्रीपाल चौरसिया को गिरफ्तार कर जेल भेजा गया,0
अग्निर्होता कविक्रतुः सत्यश्चित्रश्रवस्तमः | उदुत्तमं मुमुग्धि नो वि पाशं मध्यमं चर्त | तरिर नो रयिं वहतम अश्विना युवं तरिर देवताता तरिर उतावतं धियः |,0
सर खण्ड शिक्षा अधिकारी भर्ती 2019 मे btc वालो को भी मौका दे देजिये।।।,0
दीदी,0
बातों से पहचानो शहरों में को आग लगता है । facebook com 10000069946107…,0
हमने किया आप कीजिए,0
बिल्कुल,0
जो तुमको लड़की समझ आ रही है वो तुम्हारी अम्मा है अम्मा। इसी के सहारे सैकडों करोड़ का बिजनेस करेगी। कसम से।,1
क्या शर्मा जी की हैसियत है कि वह मुख्यमंत्री या डी॰जी॰पी॰ के ऊपर कुछ बोल पाए twitter com yrbsamajwadi s…,1
गुरु सिंह ने तथाकथित पिछड़ी जाति कहे जाने वाले वर्गों के लोगों को अमृतपान कराकर और फिर खुद उनके साथ अमृत छककर ने सामाजिक एकात्मता छुआछूत की बुराई के त्याग और मानस की जात एक सभै एक पहचानबो का महासंदेश दिया।,0
कोई बात नहीं है कतई निराश नहीं होना। जय श्री राम शुभकामनाएं अटल अविनाश हमेशा सच्ची बात ओर इमानदार दिल से अच्छी बात लिखने के लिए आपका आभार बहुत-बहुत धन्यवाद। जय श्री राम,0
जैसे - जैसे दिन बीत रहे है वैसे - वैसे शिवसेना के दिन भी बिट रहे है ।। महाराष्ट्र में लगता है गठबंधन केवल अपने स्वार्थ के लिए हुए था ।। केवल मंत्री पद के लिए सब गठबंधन हुआ था ।। NCP Congress &amp; Shivsena तीनो facebook com 10000151006686…,0
जय श्री राधे कृष्णा,0
इतना है कि इसके दुष्परिणाम से निपटने के लिए प्रशासन तक को चारों तरफ मुस्तैद रहना पड़ता है कि कोई शराबी नशेड़ी कबाबी अव्यवस्था न फैलाएं शांति व सदभावना न बिगाड़े।,0
17 साल बाद मिला इंसाफ बेगुनाह को बेगुनाह साबित करने में महिला ने उठाए कई सवाल यह कैसा इंसाफ youtube com watch v=rJhlrP…,0
भाभी के साथ मनाली गया है,0
यह आप की सिर्फ गंदी सोच है।,1
अपने आप को अकेला मत समझना शाहीन बाग वालो पूरा देश आपके साथ है,0
बिल्कुल सही movies में कयी सारे अश्लील दृश्य होते हैं हीरो विलेन की लड़ायी होती है कयी सारी समाज के ग़लत कारनामे दिखाए जाते हैं फ़िल्मों में उससे पहले National Anthem की कोई ज़रूरत नहीं बल्कि ये तो राष्ट्रगान की बेइज़्ज़ती हुयी,0
मान्यवर हम यह मान भी ले पिछली सरकार की बजह से शिक्षा मित्रों की यह दुर्दशा हुई।पर आप तो सक्षम है ।आप ने 3माह का वादा भी किया था। अपने संकल्प पत्र में। मरने से बचाये महाराज पालन हार हम सब के नैया खिबैया। रहम करो भिक्षाम देहि भिक्षाम देहि।,0
मालूम है यानी पूरे मुस्लिम खराब हाँ,1
बलात्कारी नाबालिक नही हो सकता उसे भी सजा होनी चाहिये ।,1
कांग्रेस:- UP में राष्ट्रपति शासन लगना चाहिए बीजेपी:- ठीक है लगाया जाता है। और योगी जी को राष्ट्रपति बनाया जाता है। कांग्रेस:- नहीं सब ठीक है अब विपक्ष क्या थोड़ा मजाक भी नहीं कर सकता है।😂😂😂,0
क्या किया होगा। आगर ये गंदगी भरी बात है। तो मुझे शर्म आती है की आप जैसी को मैने लडकी माना।,1
देखिए एक गोदी मीडिया रुबिका लियाकत बीजेपी भक्त यह भी मैडम गोबर को विकास समझ बैठे हैं जो कानून संविधान के खिलाफ है उसे हर हिंदुस्तानी का धर्म बनता है उसे रोकने का,1
देश में पता नहीँ किटने मुर्ख़ नेता हे,1
कैंसर की मौत भी कुत्तों वाली ही होती है। 🤣,1
फिल्मी भांड फिल्म देखने को ही बोलेगा हम नहीं देखते तुझे देखनी है तो तू देख 🤗 वैसे सुना है कि जेएनयू में भी ऑरिजिनल फिल्में बनती हैं तेरी क्लास की 🤔 पर तुझे तो शर्म भी नहीं आयेगी 😏,1
सही कहा सोनिया की गुलामी करते हुए लोगों को देखकर उनकी आंखें शर्म से झुक जाती ऐसे लोगों के लिए फांसी पर झूला,1
टोल नाके पे अवेध वसुली ट्रक वालो से कोन जिम्मेदार। राजस्थान की भ्रस्टाचारी सरकार । बक्श दो गरीबों को।,1
हरामपंती की पराकाष्ठा है हमारा दिल्ली का मालिक। गारंटी और फिर ensure 😂😂😂😂😂😂,1
बोलरही हैकि में दिखाने केलिये उसके पास कोयी दस्तावेज हीनहीं है क्यों तूक्या पे पैदाहुयी हैजो नहीं हैं,1
इस जाहिल बौड़म का कंपीटिशन अपने अर्नब गोस्वामी से करा दो। भाई tv बंध करके हिमालय निकल लेगा।,1
"दीपिका पादुकोण पे भोकना चालू करो ब्राह्मणो के हत्यारे रिस्तेदार है इसलिए चुप है अफ़सोस कुछ ब्राह्मण भी ऐसा कर रहे है ""थू-थू""",1
स्तरहीन भाषा छोडो मैडम जी कांग्रेस तो 70 साल से स्तरहीन बर्ताव करते आ रही है वो बोलो पहले। आज तक देश को डुबोया है कांग्रेस ने भ्रष्टाचार करके।,1
विश्वगुरु नहीं विश्वमूर्ख,1
हिंदुस्तान नही हिंदुस्तानी हिंदुस्तान में ऐसे भी लोग जो इस अपमान पर चुपी साधे बैठे है,0
दीदी ये गूंगे बहरो और भ्रष्टाचारी ढोंगी और झूठो की सर्कार है झूठ में पी एच डी कर रखी है इन लोगो ने,1
अबे राहुल नोट बंदी छोड़ तेरे बाप को नसबंदी करने की ज़रूरत थी,1
अपने देखा होगा यह वामपंथी कुत्ता JNU जामिया मिलिया या टी वी चेनलो में ही भोकता है। बाहर एक शब्द बोलने से पहले ही पब्लिक के जूते पड़ने शुरू हो जाते है।,1
अबे ओ कुतरी तुझमे अच्छी भैंस है,1
जो अपनी माँ बेटी को नही छोड़ते उनसे इंसानियत की तमन्ना बेमानी है। भूसा भरवा दो इन कुत्तों के।,1
गुजरात के केवड़िया के आदिवासीयों को महपूज करने का उलगुलान जारी रहे। गुजरात का एक भी आदिवासी मोदी या रूपानी के डर से ज़मीन नहीं देगा। ना अपना विस्थापन करेगा। जमीन नहीं देंगे लड़ेंगे। आप सभी के साथ हम खड़े है। सरकार की ऐसी की तैसी। हम देश के मालिक है।,1
फेकू के अंध भक्तों के लिए भगोड़ा नितानंद एक अलग देश खरीदी है। क्योंकि फेकू की सत्ता हटने के बाद फेकू भक्तों को इस देश में किसी हालत में रहने नहीं दिया जाएगा क्योंकि इतने साल तक यहURBAN NAZI का भक्त जनता को बहुत सताया। समय सापेक्ष है।।,1
घटिया शर्मनाक नेताओ के बीच कम से कम देश मे एक मंत्री है जिसकी लाख असहमति के बावजूद तारीफ की जा सकती है ।उप्र बिहार के सभी चोर नेता जी शिक्षा का बेड़ा गर्क कर दिए । एक दिल्ली का शिक्षा मंत्री जो काम से कम अपने काम facebook com 1410031086 pos…,1
घपाक😂😂,0
"JNU हिंसा के आरोपी गुलाबो पिंकी चौधरी को 10 साल की सज़ा होगी एक साल हिंसा के लिए और 9 साल ""पिंकी"" नाम रख कर लौंडों के अरमान से खेलने के लिए",1
(( ु ›ω‹ ) ु),0
देश द्रोहियो की फैक्ट्री,1
भारत के सनातनी अब मौनव्रत तोड़ दो जयचंदों के लिए भय कारी बन जाइए। बाली दूसरों का हक छीनने की ताक में है आप श्री राम से शिकारी बन जाइये। देश को है श्याम आज बाँसुरी की चाह नही वक्त चाहता है चक्रधारी बन जाइये।। अब तो अवतरित हो जाओ भगवान 🙏,0
वामपंथी नॉटंकी लड़की आयुषी घोष से मिलने आज दीपिका पादुकोण JNU में पहुँच गई के जवान देश के लिए होते है तो एक ट्वीट भी नहीं आता ऐसे लोगों का शर्म आती है ऐसे लोगों पर अपनी फिल्म के प्रमोशन के लिए कोई इतना गिर सकता है थू है,1
भ्रष्टाचार जस का तस है लोक पाल दिल्ली की प्रदूषित यमुना नदी में डूबकर मर गया और में अन्ना जी के मना करने के बाद भी मुख्यमंत्री बन गया,1
पुलिस क्यों जाए मार खाने जाएगी इन ग़द्दारों की जब मन करेगा तब जाएगी 😜😜🙏,1
तानाजी मूवी जो कि एक मराठी योद्धा के ऊपर बनाई गई और शिवसेना के उद्धव ठाकरे जी जिन्हें मराठी होने पर बड़ा अभिमान है उन्होंने तन्हाजी मूवी को टैक्स फ्री नहीं किया क्या हम कारण जान सकते हैं,1
मोदी जी अभी बहुत कुछ करना है राष्ट्रभक्तो मोदी जी का साथ मत छोड़ना BBC के विख्यात पत्रकार मार्क टली ने बयान दिया है कि मोदी इस देश के उस बरगद को उखाड़ कर गिरा रहे है जिसमें विषैले कीड़े लग गए हैं उन्हें अभी बहुत संघर्ष करना होगा मोदी जी के हर संघर्ष में हमे उनका साथ देना है,0
ये अपना कमीनापन दिखा रहें हैं। हिजड़े भी हमारे जैसा नँगापन नहीं कर सकते।,1
ये पात्रा है पैदा ही फ़ेक news और दंगा भड़काने के लिए जन्म लिया है,1
Historical post: मुझे हिटलर से अधिक क्रूर वो जर्मन लगते हैं जो अपने आंखों के सामने सबकुछ देखते रहे - लोगों को मरते हुए जलते हुए। वो खुद को अच्छा इंसान भी समझते रहे। धर्म की बात भी करते रहे। रोज़ रात अच्छी नींद भी सोये। आज उनके ही बच्चे उनसे नफ़रत करते हैं। तुम्हारे भी करेंगे।,1
भाजपा नाराज़ अमदरंचा संपर्कत - सूत्र 🤪,0
गँगस्टर जो एटिएम तोडे चोरी करे हत्या करे जिंदा जलाए बलात्कार करे ऊन सबको माफ करदे :ये है सिननिअर अँड इंदिरा जयसिंहकी वाणी। काश निर्भयाकी मां आशादेवी इंदिरा जय सिंह होती,1
आंटी क्या है ये तु तो बडी नौटंकीबाज निकली,1
यार इस मंदबुद्धि परिवार पर इतने आरोप है। क्यों नहीं करते मोदी जी इन्हें अंदर।,1
तू सूअर है समझे ना तुझे नहीं मालूम सूअर की औलाद,1
ये हैं श्रीलंका के चुस्लामी डॉक्टर मोहम्मद शफ़ी इसने लगभग 5000 बौद्ध और हिन्दू महिलाओं का सिजेरियन ऑपरेशन करने के दौरान उनका गर्भाशय निकाल लिया ताकि वो माँ न बन सके। ऐसा ही गोरखपुर में डॉक्टर काफिल करते थे औऱ अभी राजस्थान में तनवीर खान कर रहे है।,0
चमचे मोदी ज़ी कि बुराई तो करते है लेकिन कभी पप्पू कि तारीफ नही करते इसी क़ो गुप्तरोग कहते है न 🤣,1
बिल्कुल सहीं कहा भैया नें इन रंडियो की क्या औकात हैं यें सिर्फ देशविरोधियों के साथ पायीं जाती हैं,1
खाकी चड्ढी वालों की भाषा देखिए इनसे तो इनके घरों की बेटियां भी असुरक्षित रहती होंगी।,1
🤣😘😘 ❤️जोड दिया है 😂 कबुतरी बहन 😂,1
कांग्रेस और भगवा का वही सम्बंध है - जो सांड और लाल कपड़े का होता है 😂😂,1
मस्त चपराक,1
अबे धरती चपटी हैं समझने वाले कौम के सुवर जाके बकरी choद न यहाँ क्यों चोd फैला रहा हैं। साले हलाला के पैदाइश ।,1
हद है चमचों की गुलामी की भी बांग्लादेशी रोहिंग्या बसा लेंगे उनको चुपचाप नागरिकता वोट के लिए दे देंगे लेकिन में प्रताड़ित को यहाँ नही बसने देंगे। ऊपर से चमचे बनेंगे भी सबसे बड़े लेकिन ग़ुलामो तुम्हारे मालिक है,1
तेरे बलात्कारी बाप ने नया देश कैलाशा बनाया है ।तू वही जाकर अपनी परिवार की पहचान क्यों नही कर लेता रे चुटिया चोट्टा चड्डी चोर,1
सही है कुछ दलाल पत्रकारों के लिए की की छी छी,1
गुंडों के लिए गुंडे ही बनना पड़ता है,1
केसी नादानी वाली बात कर रहे हैं अगर ऐसा होता तो 30 करोड़ हिंदू बचते ही नहीं या तो जबरदस्ती मुसलमान बना दिए जाते या मारे जाते और इसके लिए 100 और 30 के आंकड़ों की आवश्यकता ही नहीं पड़ेगी बल्कि जिस दिन 50 50 भी हो गए वह दिन हिंदुत्व और हिंदुओं का अंतिम दिन होगा यह निश्चित समझे,1
नरेंद्र मोदी-&gt; दामोदरदास मोदी दामोदर मोदी- &gt; मूलचंद दास मोदी मूलचंद मोदी- &gt;मगनलाल मोदी मगनलाल मोदी -&gt; रणछोड़स मोदी राहुल - &gt;राजीव गांधी राजीव -&gt;फिरोज गांधी फिरोज -&gt;जहागीर खान जहाँगीर -&gt;जब्बार खान जब्बार -&gt;मोहम्मद नशीर खान नोट - इस सत्य को सभी को बताएं,0
जाओ बे चूतिया किसी और को बनाओ,1
वो वीसी है सलमान खान नहीं जो अकेले ही 200 गुण्डों को उड़ा-उड़ा कर मारे।,0
"बेबस टुकड़े टुकड़े गैंग गद्दारों के एक बड़े समूह को बेबस कह कर बेबसी को गुण्डा साबित कर दिया वास्तव में बेबस ""गधी को सन्दर्भ में रख सोचना चाहिए",1
बिकाऊ आजतक बिकाऊ अंजना और बिकाऊ मीडिया से और क्या आशा की जा सकती है इनके नाम में ही तक है। चोर और चोर इंडिया टुडे का पूरी। सो चोर मिल जाए लेकिन देश के चौकीदार को फिर भी ना हरा पाए। देश की जनता ना अंधी है ना बहरी है मोदीजी के साथ दोस्ती अब बहुत गहरी है।,1
हम चार हमारे चालीस सबके हाथ मे Ak47 वाले जिहादीओ पर कहर बरपा दिया है SC ने देश की सर्वोच्च अदालत अब जनसंख्या नियंत्रण पर चिंतित है अब हर घर से अफजल निकलेगा वाले फॉर्म्युला पर रोक लगेगी और अब हर घर से सावरकर निकलेंगे वाला फॉर्म्युला लागू होगा 100 करोड़ हिंदुओं का सपना साकार,1
गोबर और गौमूत्र का संबंध तो अंधभक्तो से है हमें उसमे शामिल न करे। हम जैसे है वैसे ही ठीक है। शिक्षक कभी भी ज्ञान अपना और पराया के आधार पर नही देता।,1
सारे के सारे कांड उनाव में ही किओ हो रहे है हवा पानी गड़बड़ होगया है क्या वहा का,0
कब तक ऐसे चुतियापे करते रहोगे तुम्हारा रोज का ड्रामा हो गया है चैक नही करते क्या बेचने से पहले हमेशा ही हिन्दुओं की भावनाओं से खेलते हो,1
ये आपका बडप्पन है की इस पगलेठ को सर कह कर सम्बोधित कर रही हैं नहीं तो इसकी भाषा देश के चुने हुए प्रधानमंत्री के लिये देख कर इसको गवांर कहना चाहिए,1
"अगर यहीं के हो तो इतना ""डर"" कैसे मगर चोरी से घुसे हो तो ये तुम्हारा ""घर"" कैसे अगर तुम ""अमनपसंद"" हो तो इतनी ""गदर"" कैसे जिसे खुद ""खाक"" कर रहे हो वो तुम्हारा ""शहर"" कैसे कल तक सिर्फ कोहरा था मेरे शहर की फ़िज़ा में आज़ नफरत का धुआं है तो सुहानी ""सहर morning कैसे",1
की शादी फिक्स हो गयी है तारीख जानने के लिए डायल करें 88662-88662 जल्दी करें नही तो मटर पनीर खत्म हो जाएगा😃😂😜 साले मुझे बुलाना भी मत मे नहीं आऊंगा साले दूध वाले,1
ऐसी लड़कीयो के कारण कुछ सरीफ शुशील लड़कीया शिकार हो जाती है ।,1
राजस्थान के अस्पतालों में मर रहे बच्चों पर भी एक अल्फाज बोल दो जनाब।। मौतों की संख्या छोटी नहीं है कल्पना करो तुम्हारी भी औलाद अगर शामिल होती उसमें,0
गोरी मेम तनिक हमारी भी सुन लो घर में नौ नौ ठैया बच्चे है प्रेग्नेंट बीवी है ई ससुर आप वालों ने लात मार कर बाहर निकाल दिया अरे दादा कही न्योछावर नही मिल रही है घर में नौ नौ ठैया बच्चे प्रेग्नेंट बीवी ससुर,0
अबे आतंकवादी तु कही का बिकलिंटन है क्या जो तुझे कोई अपना सटिफेक्ट दे आक थू,1
सर इतना शुद्ध हिंदी लिखोगे तो बौने और चाटुकार बौने के समझ में ही नहीं आयेगा और ना बौने के चमचो को,1
चर्शी खींच के आ गया ।,0
याद रहे देश अंग्रेजों से आजाद हुआ था उनकी नाजायज औलादों से नहीं,1
अगर हिंदू धर्म से नफरत है तो मुल्ला बन जा,1
दिल्ली वालों आपका एक वोट कन्हैयाकुमार जैसो को जेल में डलवा सकता है क्योंकि केजरीवाल ने ही इसे बचाया हुआ है BJP का CM होगा तो ये जेल ज़रूर जाएगा 🙏,1
बड़े जातिवादी हो मियां,1
अब तुम क्या साबित करना चाहते हो वहां इस लिए गई क्योंकि वो कांग्रेस को सपोर्ट करती है थोड़ा पानी देखो आसपास और डूब जाओ चाटुकार।,1
इस मूर्ख फिल्मकार को यह नहीं पता कि लोकसभा चुनावी उम्मीदवारी की मोहर चुनाव आयोग तभी लगाता है जब सारे कागजात की जांच हो जाती है देश के PM इस प्रकि्या से गुजर चुके हैं अब इस स्तर हीन कथित फिल्मकार की बारी है अधजल गगरी छलकत जाय,1
सब कुछ सहन कर सकता में अब बस वो अनारकली वाला सोते हुए फोटो ट्विटर पर देखना सहन नही कर सकता । 😢😢,0
गिरफ्तार मत करो ऐसे लोगों से ही तो बीजेपी का असली मुख सामने आता है। बाकी सब तो मुखोटे हैं।,1
अबे चुतीये हर बार क्या जातिवादी राजनीति करता है ।,1
चमन चमचे तू मोदी विरोधी है यहां तक समझ में आता है लेकिन जिनसे इतनी असभ्य बातें कर रहा है ना वह व्यक्ति हम सभी हिंदुस्तानियों की शान एक सैनिक हैं। और यदि तुम्हें देश के सैनिकों का भी सम्मान करने नहीं आता तो इससे पता चलता है कि तुम लोग कितने तुच्छ मानसिकता के हो।,1
"ये और जी की बिरादरी की ही है ना ""झूठ बोला 5 साल"" कह कर माफी मांगी",0
हमारे यहाँ के सूअरों की औलाद बहुत खुश है लेकिन जब इनको इन हालातों का सामना करना पड़ेगा तो यूएन की तरफ दौड़ लगाएंगे 🏃🏃‍♀🏃🏃‍♀🏃🏃‍♀,1
वैसे कलिमा कलीमी पे भरोसा मत करना भाई। क्योकि भारत से भेदभाव पहले से कम ही हुआ है पर हर इल्ललामी काफ़िर को कत्ल करने पे पूण्य कमाता है। ऐसा कुरान में साफ साफ लिखा है। पहले ये हिन्दुओ को बांटेंगे। फिर उनको काटेंगे। पाकिस्तान में देख लो। वहां न ST SC सुरक्षित है न ईसाई।,1
व्हाट्सएप यूनिवर्सिटी से बाहर निकलिए आप तो भक्तों को भी पीछे छोड़ चुके हैं पहले कंफर्म करो वीडियो है कहां की 😂 आप ही की पोस्ट में आए कमेंट सच्चाई बयान कर रहे हैं की आवाम का पसंदीदा नेता कौन है और मौकापरस्त नेता कौन है ❗,1
SIr थोड़ा तो सोचा होता पहले पप्पू और कन्हैया का कर लेते है😂😂😂😂,1
कि घुंघरू टूूट गए💃💃,0
आप राहुल बाबा की अच्छे से चाट रहे हैं जैसे राहुल बाबा कोई भी ट्वीट बिना BJP और RSS का नाम लिए नहीं कर सकते हैं वैसे ही आप हैं चाटने का कुछ तो फायदा हुआ हमें एक और जोकर मिल गया,1
तुम अपनी माँ चु*****वो भो****के,1
ये देखो नेहरू के नाजायज खुल्ले में भोंक रहे,1
में नकाबपोशों के हमले पर सुनील शेट्टी ने कहा- मास्क पहनकर आते हो और खुद को मर्द बोलते हो abplive com entertainment …,0
ठीके बोला था की मोदी अपने जूता पर ज़हर गिरा दे ग़लती से त बहुते पत्तलकाल मर जईहें,1
बदलो की गोद मे सोया अलवर,0
चचा मीडिया के नाम पे अपनी क्यों मरा रहे हो ये ओपिनियन तुम पब्लिकली कैसे दे सकते हो भाई,1
केजरवाल का रोग इसे पकड़ गया है 😂😂,1
इसे उपलब्धि नहीं कहते चोमु गद्दारी कहते है। जो अपने ही देश में अंग्रेजों का साथ दे वो उपलब्धि कैसी।,1
योगी सरकार में भ्रष्टाचार का बोलबाला : लल्लू royalbulletin in category natio…,0
आप अपने अंदर देखिये कितना गू भरा पड़ा है हम कोंग्रेसियों की छोड़िये,1
फिरोज खान के नाम से शरमाना क्यों गांधी नाम को हम जाने क्यों इसलिये प्रियंका गांधी वाड्रा खान दंगाइयों से मिलकर पुलिसकर्मियों का करे अपमान,1
2019 में स्वीडन ने 80 000 और सऊदीअरब ने 40 000 घुसपैठियों को लातमार निकाल दिया और यहाँ दामाद बना रखा है; हरामखोरों ने,1
“छपाक” बनाने वाली मेघना गुलज़ार मशहूर लेखक गुलज़ार की बेटी है जिसने छपाक में नईम खान की जगह राकेश को एसिड अटैक का दोषी बनाया है ताकि मुल्लों को बचाकर हिन्दुओं को हिन्दुओं की नज़रों में गिराया जा सके और हिन्दु अपने हिन्दु होने पर शर्म महसूस कर सकें।यह भी एक जेहादी साज़िश है।,1
तुम गोबर पात्र थे अभी भी हो और शायद हमेशा रहोगे। जब भी मुंह खोलते हो नफरत का गोबर ही छोड़ते हो। नाजियों का चिह्न है हिटलर की पार्टी का सिंबल है स्वास्तिक नहीं है पर आपको तो झूठ बोलकर कभी शर्म आई नहीं ना अब आएगी,1
देखिए जरा ये दोगलापन,1
ये जन्मजात पाकिस्तान की पार्टी है। देश का इतिहास देख लो भूगोल बदल दिया इतिहास में मुगलो को महान बताया सुभाष को डकैत भगत सिंह को सहीद नहीं कहा लेकिन up में हिंसक वारदातों में शामिल लोगो के लिए सहीद का दर्जा मांग रहे।,1
पाकिस्तान में मजबूरन रह गए हिन्दू सिख पारसी और बौद्धों ने दशकों तक पाकिस्तान में जुल्म और बर्बरियत झेली लेकिन अब उनका धैर्य जवाब दे गया है। मजबूरन पाकिस्तान गए या रह गए अल्पसंख्यक अब भारत की ओर रुख कर रहे हैं,0
अरे पप्पू पप्पू नही है बल्कि पप्पू के नाम पर एक धोखा है इसका केरल से ही चुनाव लड़ना महज एक इतफाक नही है बल्कि एक सोची समझी साजिश का हिस्सा है । जिसकी परतें धीरे धीरे करके खुलेंगी और काँग्रेस का गन्दा चेहरा देश के सामने आ जाएगा । जय हिन्द,1
"""अगर तुम्हारी ही का है सवाल तो फिर चलो मैं हाथ बढ़ाता हूँ के लिए।"" ~अहमद फ़राज़",0
क्या कांगी वामी सपाई आपिये इन कठमुल्लों को हिंदुस्तान में लाने के लिए का विरोध कर रहे हैं जबाब दो- सूडो सेकुलर गिरोह 😡,1
हरामी कीं ओलाद हैं तू साले,1
राजनीति के नाम पर धंधा करने वाले पत्रकार और नेता का मुखौटा उतर गया है ।,1
जिन अंडभक्तों केलिए दीपिका कलतक करणीं माँ थी बेमान सत्ता के खिलाफ व संविधान जेएनयू के साथ खड़े होतेही वो दाऊद की रखैल हो गई,1
दिल्ली पुलिस दिल्ली सरकार व केंद्र सरकार से सख्त लहजो मे गुजारिस है शाहीनबागरोड को खालीकराये लोकतंत्र के नाम गुण्डागर्दी हो रही है।,0
बाबा इस पप्पू यादव का up की जमीन पर इस तरह स्वागत करना की जमीन पर ये खुद ईतना रेंग सके और देश की मिट्टी से प्यार हो जाए आपको ये आदमखोर बोला हैै पापी लिंक मै दे रहा हू m facebook com story php stor…,1
गमला नहीं दिख रहा तुमको मिश्रा😂,0
भाक पगली नही जानती हों मोदी जी अपनी बीबी छोड़के अन्ध्भक्तो के माँ पर ही न रहते हैं,1
सारे भड़वे और दल्ले के नक़ाब उतारे जाएँगे हम भी देखेंगे,1
"जो मुस्लिम चीख-चीखकर कहते थे कि भारत मे ""डर"" लगता है अब निकलने की बारी आई तो भारत ""घर"" लगता है ✍️",1
twitter com ShilpiSinghINC…इन सभी मुद्दों पर चुनाव हार चुकी हो चाची कुछ तो शर्म करो,1
एनडीटीवी ने तो कमाल कर दिया आज बिकाऊ चैनल सच्चाई दिखा दिया इसके भैया बंधुओं का पोल खोल दिया लैपट का वामपंथियों का पोल खोल दिया एक वामपंथी चैनल ने गजब हो गया,1
मीडिया कितनी नमकहराम हो गई है 😖 बच्चों के मौत का शतक लगने के बाद ही जागी😱 बिना स्वार्थ के हिंदुस्तानी मीडिया मुख नही खोलती है। 😖 कोटा में 48 घंटे में 9 और बच्चों ने तोड़ा दम अब तक 100 की मौत - Rajasthan kota 9 more deaths hospital toll rises to 100 - aajtak intoday in story rajastha…,1
बच्चियों को चुराने से पहले भगवा वस्त्र पहना गुलाब मोहम्मद ने दाढ़ी और बाल भी बढाये साधुओं की तरह sudarshannews in headlines salu…,0
हा-हा 😅🙏,0
गोदी की दूसरी बहू गोदी मीडिया जैसे पहली को रखा वैसे ही दूसरी को रखेगा।,0
भारत देश में जो भी कम्पनी अपना समान बेचना चाहते है कृप्या देश द्रोहियो को अपना BRAND AMBASSADOR नहीं बनाए।,0
ना सुधरोगे बहोत बड़े वाले चुतिया हो,1
रोहणी जी आपकी प्रोफाइल पिक को क्या हो गया बिल्कुल वैसी लग रही हो जैसे हॉलीवुड फिल्मों में जॉम्बीज होते है चलती फिरती लाश वैसी🤔🙊🙈,1
हिन्दुस्तान का तीन टुकड़ा करने वाले दो टुकड़ों को इस्लामिक देश बनवानेवाले एक टुकड़े को मिक्सचर या सेकुलर देश बनाने वाले को लोकतंत्र मे क्या कहना चाहिए,1
मोदी जी ब्रह्मचारी है नहीं आ पाएंगे,0
तुम्हारे जो आदर्श है उन्होंने अंग्रेजो के हाथ दलाली खाई थी हमारे जो आदर्श है उन्होंने अंग्रेजो के हाथ फाँसी खाई थी। जय हिंद।जय भारत🇮🇳,1
हम हिन्दुओ को आतंकवाद बताता है पहले खुद की औकात देख इस्लाम अपना कर हलाला करा अपने बीवी और बेटियो हे हीम्मत इतनी।,1
केजरीवाल ने कहा पाकिस्तान से आने वाले हिन्दू जासूस भी तो हो सकते है इस नमकहराम को हिंदुओ में जासूस नजर आ रहा है -इन्हें रोहिंग्या में बाप नजर आता है -बांग्लादेशियों में दामाद नजर आता है -टुकड़े टुकड़े गैंग में अपना जीजा दिखता है घटिया गंदे हिन्दू विरोधी गद्दार कहीं के,1
कांग्रेस अध्यक्ष अध्यक्ष ही खेल रही है,1
इसकी बुद्धि भ्रष्ट हो चुकी है बोलना क्या ये जनती तक नी गाँजेडी,1
"कांग्रेस : टीपू सुल्तान महान था क्योंकि ब्रिटिश से लड़ा था ""पेशवा"" गलत थे क्योंकि वो ब्रिटिश से लडे थे।। और पेशवा को ब्रिटिश सेना से मिलकर हराने वाले भीमा कोरेगांव के लोग बहादुर थे वाह चमचों क्या दोगलापन है",1
ग्लोबल हंगर इंडेक्स लिस्ट में भारत भुखमरी के कगार पर खड़ा हैं। छप्पन इंच का सीना देश को बर्बाद करके भूखा मरवायेगा। बाल तक नहीं छोड़ेगा। यह बेहद ही दुखद घटना हैं। शर्म तो सारे राष्ट्र को आनी चाहिए। कृपया इनकी मदद करें। amarujala com amp india-news…,0
देखो हिंदुस्तान के कुछ मुसलमान कितने बड़े मूर्ख हैं ईरानी सुलेमानी की मौत पर दिल्ली में USA के खिलाफ मुस्लिमो ने प्रदर्शन किया 57इस्लामिक मुल्क शांत हैं पर सुलेमानी कीड़ा यहीं वालों को ज़्यादा क्यों काट रहा है अगर इतना ही दर्द है तो ईरान जाकर अमेरिका के खिलाफ युद्ध करो,1
मै ABVP सा पवित्र तुम JNU की स्वरा भास्कर सी गंदी हो मै अक्षय कुमार सा हिंदुस्तानी तुम दीपिका पादुकोण सी रण्डी हो,1
पप्पू यादव जी वाकई में बहुत अच्छे नेता बनकर उभरे हैं वक्त,0
अभी केजरीवाल ने केवल एक शाहीन बाग करवाया है । पुन: जीत गया तो बदरपुर कालिंदीकुंज कापसहेड़ा अलीपुर तिर्की खुर्द सब की सड़क बंद करा देगा घर बैठकर उसका फ़्री पानी जो की बहुत से इलाक़ों में नाले के पानी जैसा ही पीना पिछली बार मूर्खता करे थे इस बार चेत जाओ दिल्ली वालों,1
Dear temperature 🌁 तुम कितना भी गिर जाओ पर कॉंग्रेसियों और केजरीवाल के लेवल तक कभी नही पहुंच पाओगे 😉🤣,1
छूट जाएगी नशे किया लत जब saint Rampal ji maharaj का ज्ञान मिलेगा सुनने व पढ़ने को लाखों युवक छोड़ चुके हैं नशा और जी रहे हैं नशा मुक्त जीवन यहीं हैं का आरम्भ ज़ब देश का युवा नशा त्याग सभ्य समाज जैसा जीवन जी रहा हैं golden time is coming,0
असली गद्दार आगये राजमाता ओर गहलोत को बचाने बेशर्म shrts in gZc6,1
अफ़वाह फैलाने वाले ध्यान दें फ़िल्म में नदीम को मुसलमान ही कहा गया है हिंदुत्व पर खतरा नहीं उठा है | इतना दिमाग पर लोड न ले विरोध के लिए कोई और टॉपिक देखें दीपिका को मुसलमान घोषित कर सकते हैं आप facebook com 10000327406858…,0
लक्स ही क्यों जो भी चीज की विज्ञापन ये हिरोनी करेगी मट्टी पलीत हो जाएगी हिन्दूओं का प्यार देखा अब गुस्सा देख री पादू कौन,1
दो-कौड़ी का ओवैसी हिंदुस्तान को चेतावनी देने वाला होता कौन है ओवैसी ने CAA हटाने के लिए 26जनवरी डेड लाइन दी है अगर नही हटी तो देख लेने की धमकी भी दी है कोई इस बड़े ओवैसी को जाकर समझा दो की तेरा छोटा भाई 15मिनट पुलिस हटाने वाले बयान के बाद पायजामें में मूत गया था,1
कभी हमारे देश के वीर सपूतों (शहीद सैनिकों)के घर तो नही गयी JNU में जाकर देश के गद्दारो कन्हैया कुमार के साथ खड़ी है,1
योगी आदित्यनाथ के संगठन हिंदू युवा वाहिनी के चीफ़ और विधायक राघवेंद्र सिंह कहते हैं प्रियंका गांधी का योगी जी पर टिप्पणी करना सूरज को दीप दिखाना है राहुल गांधी जिस तरह पप्पू हो गए वैसे ही प्रियंका गांधी कुछ दिनों में हो जाएंगी पप्पी,1
Vitamin A को रसायनिक नाम के हो,0
यह दल्ला क्या बोलेगा इतना गोबर खा चुके है यह लोग ये डवे की सरकार बदलते ही इनकी जगह जेलों में है।,1
इसमें से अगर एक भी चीज होती तो अब तक तेरे पिछवाड़े में गांधी जी वाला चरखा घुस चुका होता भड़वे पड़ोसी की नाजायज औलाद वामपंथी आतंकवादी साले।,1
गृहमंत्री अमित शाह ने दिया चैलेंज राहुल गांधी साबित करें सीएए मुसलमानों के खिलाफ है spottv in rahul-gandhi-p… via TV,0
हरामी है साले पाकिस्तान चले जाओ इससे ज्यादा आज़ादी चाइए तो मादरचोदों साले टुकड़े टुकड़े गैंग वाले देश के लिए खतरनाक होते जा रहे है देश विरोधी काम करने आए जरा भी नही डर रहे सरकार को कुछ करना चाइए नई तो टुकड़े टुकड़े गैंग देश को तबाह कर देगी,1
Ye to bata bangaladeshi मुसलमान रोहिंग्या तेरे बाप लगते है जो देश से गदादरी कर रहे सालो पड़ ते लेते caa को जिसमें लिखा 2014के पहले आए शरणार्थी को नागरिकता मिले उसके बाद धार्मिक प्रतानाओ के आधार पर सभी को नागरिकता चाहिए तो जो नियम है उसे पूरा करो,1
मादरजात भडवे हलाला की औलाद,1
गद्दार पुलिस और चोर पुलिस,1
सबसे बड़ी दुश्मन दल्ली मीडिया है वो अगर कवरेज न दे इन लाल चड्डी JNU गेंग को तो इनकी सारी हरकतें बन्द हो जाएगी,1
मेरी लाड़ली भतीजी के सांथ instagram com p B7d3F58HpIn …,0
मोदी हिटलर हैं *Ok Fine* # *शाहीनबाग़* का आंदोलन होता और सत्ता में हिटलर होता तो क्या होता # *शाहीनबाग़* का आंदोलन होता और चीन की शी-जिनपिंग की कम्युनिस्ट सरकार होती तो क्या होता # *शाहीन बाग* का आंदोलन होता और कॉमरेड किम जोंग लेनिन व स्टालिन साहब होते तो क्या,1
महगाई चलेगा बारवाला वेश्या नहीं चाहिए।,0
दीपिका के फ़िल्म की बर्बादी फिल्मी भांडों को एक सबक है धन्यवाद,1
शर्म भी कीजिए और सबसे बड़े लालची हमारे धर्म के लोग है जो ऐसे ऐसे पार्टियों को वोट देते है जो घुसपैठियों का समर्थन करता है,1
please look जाने अंजाने जेका बोल दिया भाया,0
Unethical Unconstitutional Inhuman अरी ओ अंग्रेजी की अम्मा अच्छी तरह से पढ़ाई की होती तो आज ये दिन न देखने पडते तुम्हे भीख माँगकर जो फिल्में करती हो,1
I salute you पहली बार चुनाव प्रचार में केजरीवाल की बेटी हर्षिता केजरीवाल,0
ये सब तो ठीक है लेकिन सिर पर ये चिड़िया का घोंसला क्यों बना कर रखी हो चाची जान कौआ अंडा दे देगा खोते में 🤣🤣🤣🤣🤣,1
यह सब पाकिस्तानी एजंट केजरी वाल का खेल है कांग्रेस आप,0
कांग्रेसियों की 4 बड़ी गलतियां,0
ये रोहिंगिया केजरीवाल के दामाद लगते थे। याद है ना,0
नही मार के भगा दिया 😅,1
जब असलियत पर आधारित फिल्म है तो सिर्फ रहीम रहमान जो भी नाम हो मुल्ले का वो नाम क्यों बदला साफ है कि भी गुप चुप तरीके से गजवा ए हिन्द का हिस्सा है,1
मंदिर बन भी गया तो मैं तो क्या कोई भी कांग्रेसी दर्शन करने नही जाएगा - मणिशंकर अय्यर वैसे भी कुत्तों का मंदिर में प्रवेश वर्जित है,1
गायब कहा होगा शिव सेना की सरकार का मतलब त्रिभुज उसकी चौथी मुजा उसी दिन बन गई जिस दिन NCP का Home मिनिस्टर बना डाक्टर बंब की बमबम हो गई निकल लिए पतली गली से,1
"भ्रष्टाचार को राजकीय व्यवस्था का शिष्टाचार बनाने वाले जी याद है दुर्गा नागपाल का प्रकरण और खनन श्रेष्ठ प्रजापति। वैसे अवैध खनन की खिचड़ी के ""खानसामा"" तो आप ही थे। थानेदार से लेकर कलेक्टर तक की पोस्टिंग का ""रेट कार्ड"" आपने बनाया था अब ज्ञान दे रहे हैं",1
आप लोगो से चुनी हुई सरकार बर्दाश्त नहीं हो रही आप # निर्भया की मा से माफी की उम्मीद कर रही है जिसने इतनी बेरहमी अपनी बेटी के साथ हुई को बर्दाश्त किया ।आपकी सोच वाले तो ट्विटर पर कोई आपको अपशब्द बोल दे तो उसे घसीट लेते हो कोर्ट में केसे कर पाते हैं ये hindi news18 com news nation se…,1
आर्थिक मंदी के चलते इस साल 16 लाख नोकरियों मुल्लो के हाथ जायेंगी जय हो मंदी जी की,1
"👉कांग्रेस का""रोटी कपड़ा और मकान"" मॉडल रोटी राहुल खा जाते हैं कपड़े सोनिया उतार लेती हैं जमीन मकान वाड्रा हड़प लेते हैं 😂",1
बिहार को बुङाने के लिए एक ही भ्रष्ट लूटेरा काफी है यहाँ तो दो दो भ्रष्ट एक साथ लूटने मे मस्त है और गैंग है सो अलग क्योंकि यहाँ के जन्ता जनार्दन सहनशील जो है ।,1
तुम्हें तो बाबर घोड़े के पीछे बांध के घसीट कर भारत लाया होगा जो तुम यहाँ dna की बात कर रहे हो शर्म आनी चाहिए तुम जैसे जाहिलों को।,1
बेटा विदेश सुटिग पर जाते समय जो कागज़ दिखाओगे वही दिखाना है । और वहां भी मना किया तो हाथ डाल कर मुठ्ठी बंद कर लेगा। फिर चिल्लाना। चूतिया ।।,1
कहीं ये भारत का क्रेकमाईन्ड़ काग्रेसी राहुल खान विंची गांधी का भूला बिछडा भाई लगता है,1
ये स्वरा भास्कर किसी कटुवे की औलाद तो नहीं है,1
में तो जो दुकाने बंद थी आज वो भी खोल दी गयी 😂😂😂😂 पप्पू का चूरन बन गया 😂😂😂😂,1
मनमोहन के साथ एक बोरी कोयला डाल जलके मर जा वैसे भी तू इस धरा पे बोझ ही है,1
और जू-ber अंधे जो फैक्ट चेक की मशीन रखा है उसको नहीं दिखा की ये जो फोटो है कोई भी एक नजर में बता देगा के photoshoped है,1
पाकिस्तान के ननकाना साहिब में हुए सिक्खों पर हमले के बाद भारत के लिब्राण्डु और दलाल मीडिया को के खिलाफ जब प्रोपेगैंडा फैलाना मुश्किल होता जा रहा था तभी जेएनयू में हो जाता है,1
मिडिया ही मोदी का गुलाम है सबको पता है और आप लोग भी अब अपना जमीर जगा लो गोदी मीडिया बनना बन्द कर दो,1
जब हलाला करना होगा,0
"प्रिय नक़ली साहब यह देश की जनता जानती है कि आप सरकार में केवल एक ""टोकन"" के रुप में हैं । आप अल्पसंख्यकों के मंत्री हैं जरुर पर उनके मुद्दों को उठाने की आपकी औकात नहीं है । आज आप सही को सही कहने की हिम्मत नहीं जुटा पा रहे । यदि जरा सी भी शर्म बची हो तो लात मारिए मंत्री पद को ।",1
तुम्हारे पिताजी का पैसा है क्या साले सुअर,1
औरंगजेब के समय हिन्दू औरते 2 रूपये और मर्द 4 रूपये में मुस्लिम बने थे।आज के समय 200 यूनिट बिजली मुफ्त और 2 बोरी चावल के चक्कर में देश से फिर गद्दारी के चक्कर में हैं।,1
"कालिंदी कुंज के प्रोटेस्ट को खत्म कराने का जिम्मा तो केजरीवाल सरकार का ही है ""पर चंद जयचंदों के लिए न जाने कितने पृथ्वी राज को तंग करेगा ये दिल्ली का गौरी।""",1
डॉगी तैरेशे कोई प्रूफ नही मांग रहा है गधे मुसलमानसे प्रूफ मंगा जाएगा अगर तू मुसलमान है तो फिर तुजे सब कुछ दिखाना होगा गधे। यातो तू मुसलमान ही बनजा वैसे भी तू हिन्दू के नामपर कलंक है। गद्दार देश द्रोही पाकिस्तान का दल्ला है तू। is the Best,1
ये मोदीजी के मत क्षेत्र वाराणसी की पुलिस है। मदरसे के छोटे छोटे बच्चो को लाठी से मारना दरिंदगी नहीं है क्या सारे पुलिस वाले बेऔलाद है क्या उन के बच्चे नहीं है सोचो कौन बेऔलाद है और किस की गृहस्थी नहीं है,1
गौरव भाटिया के एक दिन भोंकने का रेट ₹700 है।,1
विरोध ही करना है तो प्रधानमंत्री आवास शौचालय सिलेंडर जनधन खाता आयुष्मान भारत कार्ड ये सब लौटाकर विरोध करो है दम चुसलिमों,1
इस घुंगरू सेठ का जाना तय है ।,0
सावन में सोटा लिए घूमूँगा अगर किसी ने बोला कि कांवड़ियों से ट्रैफ़िक जाम होता है। मार मार के पिछवाड़े का शहीनबाग़ कर दूँगा,1
अभियुक्त कुशलवीर को न्यायालय से जमानत मिल गयी है। जेल नही गया और उसने अपने साथी चिम्पू ढीले मंजीत शुशील आदि के साथ आज शाम 8बजे प्लांट में पुनः जाकर कई ड्राइवर से रंगदारी ली दहशतगर्दी का माहौल किया जिसकी सूचना प्रभरी लोनी को दी गई,0
क्यों झूठ बोल रहा है साले म****** इतने बड़े पद पर हैं और इतना बड़ा झूठ कोई अपने मां-बाप का बर्थ सर्टिफिकेट कैसे मांग सकता है और कैसे बता सकता है अभी तो एनआरसी आई नहीं और तेरे को दुनिया की जानकारी हो गई साले भड़वे म****** झूठ झूठ और झूठ ही बोल ना तेरा काम है,1
अरे महामुर्खाधिराज जब CAA राज्य के अधीन आएगा तब न ना नुकुर करोगे केंद्र सरकार का कानून है संविधान संसोधन करके बना है तुम क्या तुम्हारा बाप भी लागू करेगा। बेवकूफ कहि के ऑनलाइन प्रक्रिया है इसमें राज्य क्या भूमिका निभाएगा एकदम से सबको अपने और राहुल जैसा पगलेट समझते हो क्या 😜,1
ये दलाल media नहीं दिखाएगी दलील बेटी पर हुए अत्याचार क्योंकि उनके आका मोदी का राज्य है,1
एक पुच्ची हमें भी 😘,1
मुस्लिम लोग विरोध करे तो ठीक हे वो समज में आता हे लेकिन कुछ हिन्दु जैन बोध सिख ईसाई लोग ऐ ही caa का विरोध कर रहे हे वो मुझे समज नहीं आ रहा हे इन सभी लोगों को पाकिस्तान भेज देना चाहिए तब जाके पता चलेगा की पाकिस्तान मे रेहने से आगे ओर पीछे का निकलना बंध हो जायेगा तब जाके पता चलेगा,1
यही तो मनुवादियों सामंतवादियों की भाषा है। ये घमंड धोखे से अपनाई सत्ता के दम पे है । nationalheraldindia com national discr…,1
अबे चूतियपे यूं तो जाट से दस लठ और खा लेगा अल्लाह हूं अकबर ना बोले यूं।,1
दिशोम गुरु का पहला नारा: दारू _हडिया बंद करो।,1
मैं कुरान सुनकर खुदा की हो ️जाती हूं-प्रियंका चोपड़ा। फिर तो हलाला सुनकर तो मौलवी की भी हो जाती होगी।😜😜,1
यह संस्कारी पार्टी के गिरधरलाल जी हैं जो धैर्य नहीं रख पाए हद है मंत्री जी कुछ तो शर्म कीजिए,1
साध्वीप्रज्ञा को पिता की मौत पर भी पैरोल न देने वाली न्यायपालिका सजा काट रहे जलीस अंसारी को पैरोल देती है हर शाख पे उल्लू बैठा हैं जय श्री राम,1
जी ये लोग जन्मजात से ही ऐसे है इनके बाप इनको Divide And Rule की प्रथा को थोपकर चले गए अब वे अपने बाप (अंग्रेजों) के बताय रास्ते पर ही तो चल रहे हैं,1
साथ ही साथ सबसे लालची है हिन्दू उसे केबल अपना हित समझ आता है देश से कोई मतलब नही,1
कौन दोगला है हमे पता है 😀😀😀,1
राष्ट्र विरोधी लोग राष्ट्र विरोधी नारे जिन्ना की नाज़ायज़ औलाद है ये,1
तुम डल्ले हो शाले ब्राम्हण हो नहीं सकते तुम बल्कि हिन्दू ही नहीं है तू,1
तेरे बाप ने हराम का माल कमा के रखा है तुझे क्या फर्क पडेगा जेएनयु मे ४०% बच्चे गरीब घरो से आते है ये लडाई उन गरीब बच्चो के लिए लडी जा रही है फेकु के पास मुर्ती बनाने दिये जलाने जैसे फालतु कामो के लिए पैसे है पर शिक्षा के लिए नही,1
अरे विष खोपडे अभी तक तू समझा नहीं क्या वो तेरे जैसे कि बात कर रहे हैं।,1
दोगली पादुकोण समझो लोगों इनकी फ़िल्में देखने से अच्छा भिखारियों में खैरात बाँटना या किसी भूखे को भोजन देना,1
जितना तू मोदी और शाह को गाली दे देता है ना यही सबूत काफी है।कि मोदी कितना TOLERANT है।,1
जी कब तक छुपकर गोरिल्ला युद्ध करेंगे और अरविंद केजरीवाल से। की तरह जिगरा रखिये और खुल कर मैदान में आइए। दिल्ली को आपकी जरूरत हैं।,0
अंडभक्तों के जीजा ने फ़िल्म के समर्थन में बोल दिया है और इसी के साथ अन्धभगत बिल की तरफ वापस भागना शुरू। nbt in PsHPea kcf,1
प्रियंका ने मारे गए पत्थरबाजों को शहीद कहा ये भाई-बहिन का बस चले तो बियर-बार में दारू पीकर मरने वालों को भी परमवीर चक्र दे दें। 😂😂🤔,1
इसलिए यह सूअर कहलाते है।,1
बिहार में माइक लेकर ICU में घुसने वाली अंजना ओम हिरण्यकश्यप ने राजस्थान में 106 बच्चों की मौत पर मुँह पर टेप चिपका रखी है 🤣🤣,1
भले ही स्कूल नहीं गया वो लेकिन देश द्रोही गद्दारों आतंकवादियों का और टुकड़े गैंग का समर्थन नहीं करता एक सच्चा राष्ट्रभक्त है,1
यह नेता जी नहीं यह कोई नेता जी के पीछे छुपे हुए बहरूपिया है । इनको अपने नाम से एकाउंट बनाना चाहिए,1
बीजेपी फिल्टर मशीन इसके अंदर एक तरफ से कलाकार घुसता है दूसरी तरफ से देशभक्त बाहर निकलता है,0
अबे bsdk कितना बकवास करेगा,1
मैं देश के साथ हु ग़द्दारों के नहीं पहलें एक जिन्ना था आज हज़ारों है आओ उनकी भाषा में ही उनको जवाब दें।,1
आप अपने बारे बता दो भर्ती के बारे में पूछता हु की कब दोगे तो मुख्य से जबान या हाथ से उंगली काम नहीं करता बीजेपी मतलब कमिशन खोर और युवा के साथ धोखा देने वाली पार्टी,1
पति मर जाए चलेगा लेकिन सौतन विधवा होनी चाहिए यही हाल भक्तों का है देश बर्बाद हो जाये लेकिन मुसलमान परेशान रहना चाहिए,1
बाप को बचा नहीं पा रहा है और देश बचाने निकाला है ये गजोधर।,1
मोदी जी इस ढोंगी मटन छाप पंडित के साथ एक सेल्फी ले लो मरा जा रहा,1
ये गुफा की पैदाइस है ये साला क्या खण्ड खण्ड करेगा।,1
बेवकूफो की कमी नहीं इंडिया मे कोनसे व्हाट्सप्प की दुनिया मे जी रहा हे ये अंधभक्त,1
अबे निकाल कौन रहा है,0
अरे गद्दार हिंदु तुमको तो यही रहना हैं । कौन रखेगा तुमको,1
हे माता एक बार नासा की ऑफिशियल साइट पर भी जाकर चेक कर लिया होता | पता नहीं आपने सिविल सर्विस की परीक्षा कैसे पास की थी शर्म आती है हमें,1
"जो हाथों मैं ""तिरंगा"" लेकर विरोध कर रहे है वो ""देशद्रोही"" जो हाथों मैं ""भाजपा"" का ""झंडा"" लेकर समर्थन कर रहे है वो ""देशभक्त"" ये कैसा न्याय है भाजपा का",1
भाजपा के हालात इतने ख़राब हैं कि आदमी रात में पेशाब के लिए भी उठ रहा है तो भी बीजेपी के खिलाफ़ 2-4 ट्वीट कर कर के ही सोता है 😜 😜 😜 😜,1
कांग्रेस सेवादल की किताब में छपा- नाथूराम गोडसे और वीर सावरकर के बीच समलैंगिक संबंध थे khabar ndtv com news india con…,0
अबे घोंचू साफ सफाई तो MCD करवायेगी या उसका नाम लेने मे फटती है या बीजेपी रूलिंग MCD का काम भी केजरीवाल ही करे,1
मरने वालों को समझ में नहीं आया क्या कि वह गधी को मार रहे हैं या भैंस को मार रहे हैं,0
क्या मोदी जी ने घर में शौचालय नहीं बनवाया है लोग सुबह सुबह हगने के लिए ट्विटर पर क्यू चले आते हैं 🙄,1
जेएनयू न हुई मिथुन की बहन हो गयी है हर तीसरे दिन खतरे में आ जाती है 😂😂,0
‘छपाक’ देखने के बाद सीएम बघेल बोले गोडसे और एसिड अटैक पर यह cgtop36 com after-seeing-c… via,0
बेचारी रॉबर्ट का चूल्हा फूंके या कांग्रेस में जान वो खुद ही नहीं समझ पा रही है। 😂,1
नाम तो आपजैसे चुतियोको बदलना पडेगा जो भोसडीके नापाकोंका साथ देते है नक्सली हरामखोर 😬,1
अक्षय कुमार भक्तों की वजह से ही स्टार है कम्बख्तों की वजह से नहीं,1
पहले लोगों को बेरोजगार बनाओ फिर उनकी मजबूरी का नाजायज फायदा उठाओ। अब इन आंटी से कोई भी किसी भी तरह की गलत बात नहीं कर सकता अफसोस होता है लोगों की मजबूरी का नाजायज फायदा उठाने पर शर्म करो यार कुछ तो शर्म करो।,1
आर एस एस आपके जेहादी मुजाइदीनी जमातो की तरह क्रिया शिल नही है पता कर लिजीये की विश्व मे कितने देशो मे विश्व हिन्दु परीसद या आरएस एस के विंग क्रिया शिल है कही पर उनहोने बम बलास्ट किया कही पर उनहोने डिमांड की की हमको आदम ए सरीयत आदम मनु को कहा गया है आदम मनु एक है,1
"SEBI का 40 करोड़ का जुर्माना, मुकेश अम्बानी",0
"देश लोगों से बना है, देश को मंदिर _मस्जिद, श्मसान_कब्रिस्तान , सिख _गैर सिख में बांटकर राजनीति करने वाले कभो भी देश का विकास नही कर सकते। चुनाव जीतना अलग है, राष्ट्र निर्माण अलग।",0
रीट 2018 lewal की एक ओर सूची (वेटिंग लिस्ट) जारी करे।,0
भारत का प्राचीन इतिहास बदला गया जिसमें भारतीय अपने मूल इतिहास को भूल गये और अंग्रेजों का गुलाम बनाने वाले इतिहास याद रह गया और आज कई भोले-भाले भारतवासी चैत्र शुक्ल प्रतिपदा को नववर्ष नही मनाकर 1 जनवरी को ही नववर्ष मनाने लगे ।,0
नमस्कार DM साहब मैं निवेदन करता हूँ कि ग्राम सभा आराजी देवारा नैनीजोर की ग्राम पंचायत चुनाव कब तक हो गा और सीट कौन सी है,0
राहुल कौन है ???? Cm या pm हा उन्हो ने जो किया वो भुगत रहे है । मतलव हमारे पिता जी तम्वाकू खाते है तो हम भी खाये किसी के भक्त न बनो ये नेता,1
माननीय परिवहन मंत्री यमुना एक्सप्रेस वे पर टोल प्लाजा जेवर और फास्ट्रेक ना होने के कारण जबरन अवैध वसूली की जा रही है जबकि भारत सरकार का कहना है कि पूरे भारत में सारे टोल प्लाजा फास्ट ट्रेक से जोड़ दिए गए हैं,0
✌️✌️✌️👍👍👍👍💐💐✌️✌️ जन सेवा हीच खरी ईश्वरसेवा🙏🙋,0
टोटी चोर,1
माननीय केबिनेट मंत्री उत्तर प्रदेश सरकार श्री को जन्मदिन की हार्दिक बधाई। ईश्वर आपको स्वस्थ निरोगी और दीर्घायु करें।,0
जिन 💯 लोगों ने मुझे फालो किया है उन्हें तहे दिल से शुक्रिया 🙏🙏❤️❤️,0
उसकी आंखें बला की ताजिर हैं। जिसको देखें ख़रीद लेती हैं।,0
धन्यवाद आपका ये उपकार,0
अखिलेश यादव जी डरिये नही ये कोरोना वैक्सीन है बाकी भाजपा वैक्सीन और योगी वैक्सीन तो आप देख ही चुके हैं 😀,0
उस दुष्ट को तो 1991 में ही उङा दिया गया बम से।,1
दुखद,0
खशमां नु खाणी सरकार है,1
"फिर कहां पूरी श्री राम, 🙏🙋",0
प्रियंका खान वाड्रा तेरी दादी इंदिरा फिरोज खान ने तो गोहत्या बंद करने का वादा करके चुनाव जीती और बाद दोगलू बदल गई और संतों ने जब उसके पास जाकर पूछा तो पांच हजार साधुओं को गोली चलवाई जो तडफ रहे थे उन्हें केरोसिन प्रेटोल डलवा कर जिन्दा जला दिया। इतना पापी थी। भाजपा यह नहीं किया है,1
"सौमित्र जी ""आप"" बोल कर ""आप"" शब्द की गरिमा को शर्मसार मत कीजिए,",1
किया भले अरविंद केजरीवाल सरकार ने हों। पर ये की नाकामी है। साद आज तक नहीं मिला। उसका illegal building अभी भी वैसे ही है। शर्म आती है।,1
केजरीवाल मूर्ख मुख्यमंत्री है 50 बार रिट्वीट करें,1
सन्त रामपाल जी महाराज जी की लोकप्रियता दिन प्रतिदिन बढ़ती जा रही है। पर 1मिलियन post इसका प्रमाण है। अवश्य देखें साधना टीवी शाम 7:30 से।,0
मैंने खुद को भूल कर भी संभाला है जिंदगी है कि वक्त की शिकार हुए जा रही,0
बिहार सरकार मेधा सूची का प्रकाशन के इतंजार में ऐसे जानबूझकर बैठी है कि पंचायत नियोजन इकाईयों पर इनका नियंत्रण नहीं। और कितने दिनों तक बहाना ढूंढ़ती रहेगी सरकार। बिहार शिक्षा विभाग जग-जाहिर है अपने कर्तव्यों को लेकर विडंबना यह है कि बेरोजगार अभ्यर्थी इसमें पीस रहे हैं।,0
"अन्नदाता का अपमान ,नहीं भूलेगा हिन्दुस्तान!!",0
और हां आखरी बार बोल रहा हूं indian aarmy के पीछे छुपकर अपनी कायरता को मर्दानगी में बदलने की नाकाम कोशिश मत करो क्योंकि तुम्हारा अल्पज्ञान और बकवास सब बया कर रहा है😠,1
मोदी का विरोध करने वालों आज तुम लोग को पता चल गया होगा ।तुम उनका विरोध करो ओ अपना काम करते रहेंगे । जय हिन्द।,0
मुह में लेमचूस ले लिया क्या इसपे?,1
मीडिया नही गोदी मीडिया है।।। अपना इमां बेच चुकी है,1
🐷 मर रहे भूखे 😂🤣😂 मरने दो फिर,1
पड़ा तो यह था कि अंग्रेजों ने देश को लूटा था मे तो ख़ून तक चूसा जा रहा है,1
"कलेंडर में सिर्फ साल बदला है, तानाशाह मोदी की फितरत ठंड के बीच हरियाणा के रेवाड़ी में अन्नदाताओं पर इस पुलिसिया बर्बरता की जितनी निंदा की जाए वो कम है । इतिहास खट्टर-मोदी को कभी माफ नही करेगा ।",1
इन्सान का पतन उस समय शुरू हो जाता है जब अपनाें काे गिरानें की सलाह गैराे से लेना शुरू कर देता है 🙏🏻सुप्रभात🙏🏻,0
"मैंने बीएड और डीएलएड दोनों कर रखी है,जो भी फैसला करना है जल्दी करो और विज्ञप्ति जारी करो चुतियो। एग्जाम डेट क्या न्यूज वालों के पिछवाड़े में डालने के लिये बताई है??",1
इन्कलाब जिंदाबाद,0
जी,0
नकली बौद्ध नकली किसान आंदोलन में दिख रहे हैं।असली बौद्ध मोदी जी के मुरीद हैं वो मोदी के ओर देख रहे हैं कि कैसे तिब्बत को आज़ाद करवाया जाए।,1
"राम मंदिर को चंदा नहीं देने का कारण ""सांई ट्रस्ट"" ने अपने को 'हिंदुओं से अलग' होना बताया, जबकि इस ट्रस्ट की कुल संपत्ति हिंदुओं की देन है और हिंदुओं से ही अलग बताना धोखा नही",1
जय श्री राम,0
"बहुमुखी संगीत संगीतकार और बॉलीवुड के दिग्गज को उनकी पुण्यतिथि पर याद करते हुए, जिन्होंने संगीत को बॉलीवुड में एक नया आयाम दिया।",0
"कांग्रेस आईटी सेल वाले इस बार खुद ही एक दूसरे को ट्रोल कर रहे है वो भी सिर्फ इसलिए कि सच्चा कांग्रेसी कौन है, और इस ट्रॉलिंग में अपने उर्दू नाम वाले कांग्रेसी भी है, अब देखना ये है कि वो खुद को कांग्रेसी मुसलमान साबित करने में किस हद्द तक गिरते है.",1
ओह्ह चच्चा मगरमच्छ के आँसू न रोउ सबको पता है तुम्हारी ओर तुम्हारी राजमाता की फिक्र ओर तुम्हारा मंदबुद्धि तो वेसे भी नानी के यह गया।,1
"Sant Shri Asharamji Bapu ने बाल व युवा पीढ़ी में नैतिक एवं आध्यात्मिक मूल्यों के सिंचन हेतु हजारों बाल संस्कार केन्द्रों, युवा सेवा संघो व गुरुकुलों की स्थापना की जिससे युवाधन अपनी सोई हुई शक्तियों को पहचान सकेंं।",0
🚩🙏 शुभ प्रभात 🚩🙏,0
जो नेता राजनीति करने के लिए कारोना वैक्सीन का विरोध कर रहे हैं उन राजनेताओं पर देश विरोधी देश केस चलना चाहिए क्यूंकि वोह लाखों जिंदगी से खेल रहे हैं,1
👉Caa-नागरिकता बिल-जमीन को साला इतना ज्ञान देता कौन है,1
ये तो शुक्र मनाओ की बिकाऊ मीडिया ने अब तक पत्नी छोड़कर भागने के फ़ायदे नही गिनवाए वरना लाखों भक्त रंडवे हो गए होते 🤣🤣🤣,1
सत्ता का इतना नशा ठीक नही हैं ए ग़ालिब हमनें हिटलर जैसे को भी दफन होते देखा हैं,1
"किसानों का तो भगवान मालिक है। आदमी सुने न सुने ऊपर वाला जरुर देख रहा। कहते हैं उसकी लाठी में आवाज़ नहीं होती है । अदना सा इंसान और घमंड देखो । कब़ में पैर लटके , और चले हैं अवतारी बनने ।",1
दिल्ली तेरी छाती पर लहू के निशान है में सरकार औऱ में किसान,1
लिखता मैं किसान के लिए मैं लिखता इंसान के लिए नहीं लिखता धनवान के लिए नहीं लिखता मैं भगवान के लिए लिखता खेत खलियान के लिए,0
लख लख बधाइयाँ !!! मशहूर पंजाबी लोक गायक एवं अभिनेता श्री गुरदास मान जी को जन्मदिन की बहुत बहुत शुभकामनाएं! वाहे गुरु की कृपा आप पर सदा बनी रहे!,0
जय श्री कृष्णा,0
"VIP treatment आप लेते हैं, तो सबसे ज़रूरी तो आप हुए ना?",0
"भृष्टाचारियो को सख्त से सख्त सजा मिलनी चाहिए, इस जघन्यतम अपराध में शामिल सभी अधिकारियों को सुनवाई रैपिड कोर्ट में करवा कर इनकी सही सजा तुरन्त मिलनी चाहिए",0
आभार😊🤗🕉️,0
देश भर में चल रहे आयुष्मान भारत की सुविधा २०२१ से मध्य वर्गीय परिवार को भी मिले आपके चैनल के द्वारा तथा इसका DNA भी होता है तो भी DNA करों लेकिन आपने बदलाव मांगा था देने का प्रयास किया है यही बातें मैंने PM के टवीट पर भी कहने का प्रयास किया है भारत माता की जय,0
"अगर इस देश को युगों  युगों तक  सुरक्षित रखना  होतो , हिन्दू  राष्ट्र  बनाना  ही  होगा। मुसलमान , बौद्ध  और  इसाईयों  कि  तरह कट्टरपंथी  होना  होगा । अब समय आ चुका है। हिन्दूओं के कट्टरपंथी होने का",1
बेटा मुनव्वर फारुकी शुक्र मनाओ इंदौर में थे तो बच गए यूपी में होते तो पिछवाड़े में डंडा डाल कर बीच चौराहे पर खड़े कर दिए जाते 🤚💪😂😂,1
किसानों को खलिस्तानी जैसे शब्द बोल कर शर्मिंदा किया जाने पर प्रधानमंत्री और भारतीय जनता पार्टी को तत्काल माफी मांगना चाहिए ।,0
खुद के प्रदेश में इस बिल को गजट में छपवा कर लागू कर दिया और पूरे देश में किसान आंदोलन को लेकर देश में आग लगाने की कोशिश कर रहे हैं श्रीमान आप इस पर जरूर ध्यान रखिएगा एक मुंह से एक ही बात बोली जाती है दो बात नहीं,0
एक लाख से अधिक पंजीकृत श्रमिकों को दो-दो हजार रुपये की वित्तीय सहायता प्रदान की गई। ड्यूटी के दौरान मृत्यु होने पर एचआरटीसी चालकों-परिचालकों को पच्चास लाख रुपये अनुग्रह अनुदान की घोषणा जयराम सरकार द्वारा की गई है।,0
"अब वो लोग भी हमें मतलबी कहते हैं, जो खुद मतलब के लिए हमसे बात करते",0
"जब प्रोजेक्ट की फंडिंग ADB se ya World Bank से हो तो आप कॉन्ट्रैक्टर / बिडर के बीच मे पक्षपात नही कर सकती, ये वर्ल्ड बैंक का रूल है।",0
कैसा प्रोसैस करे ?डिग्री‌ तो दूर‌ मार्कशीट ही दिला‌ दो‌ गुरु जी ।जबकी पूर्णतया फीस दी हुई है।,0
इसको कोई इतर भाव से न ले पर कब्जेधारी धर्मविशेष के लग रहे है पहले की सरकारों से विशेष दर्जा प्राप्त इन लोगो को हाथ लगाने में अच्छे अच्छों के पसीने छूट जाया करते थे पर ये योगीराज है किसी के मुँह से चूँ भी नही निकल रही होगी। हमारे प्रदेश में भी अवैध कब्जे धारियो को नानी याद आ रहीहै,1
": यूनियन को एक मंच पर इकट्ठा को धर्म का का विरोध जो नपुंसक लोग नोटबन्दी,Gst,महंगाई,तेल गैस की कीमतो,रेलवे एयरपोर्ट बेचने पर नहीं कर के Youth को सोशल मीडिया से ट्वीटर पर",1
"युवाओं और किसानों की सबसे प्रखर आवाज़, हरियाणा के भविष्य सांसद श्री जी को जन्मदिन की ढेरों शुभकामनाएं । मैं बाबा काशी विश्वनाथ से आपके स्वास्थ्य जीवन एवं बुलंद राजनैतिक भविष्य की कामना करता हूँ।",0
देखने योग्य बातें हैं महोदय बेरोजगारों से कितनी राजनीति के साथ अपनी उल्लू सीधा किए हैं IAS महाश्य,0
2 बार फॉर्म भरवा कर भी वरिष्ठ अध्यापको को भगवान भरोसे छोड़ दिया अब तो शिक्षामंत्री जी हमारा ट्रांसफर करो आपसे हमे बहुत उम्मीद हैं,0
बेशक मेरे भाई 👌,0
"""पंजा पार्टी"" के IT CELL के चमचों! हमे पता है तुम्हारे स्थान विशेष में ज्वलन की अनुभूति होती है की ID देखकर! तुम 1 एकाउंट को ब्लॉक करवाओगे हम 10 से तुम्हारे आलमपनाह की कारगुजारियों का काला चिट्ठा खोलेंगे!",1
दोनों चुटिया है,1
2 साल बेहाल,0
कोरोना वैक्सीन की कीमत कितनी होगी ? सीरम इंस्टिट्यूट के CEO ने दिया जवाब via,0
छूछूदंर को हाथ लगाने से बदबू आता है और तु वही है,1
"काम किया होगा तब मु दिखाते आते, इनको लगा होगा कोई निकम्मी सरकार का अंगूठा छाप मंत्री होगा जो बोल तो देगा पर देहरादून आयेगा नहीं ओर डिंगे हाकने को ई जाता क्या है भक्त तो इसमें भी तालियां बजाकर खुश हो जाएंगे।। चलो कोई नहीं आगे से कोई आपको उकसाने या चैलेंज देने से पहले 100 सोचेगा",1
अच्छी तोतले भिखारी के पास तो नकारा निकम्मा के अलावा कुछ नहीं है 😂😂,1
पड़ोस में जिसने अनगिनत अब्बा छुपाये बैठे हैं वो दूसरों को बेऔलाद बताए बैठे हैं ।,1
बेरोजगार फार्मासिस्ट से क्या चाहती है सरकार भर्ती को बिना कारण किया निरस्त 2013 के बाद 2018 में अाई 1736 पदों की भर्ती को किया निरस्त 4105 पद पड़े हैं रिक्त,0
संजीव भटट जी की आज पहली सुनवाई थी जज साहब ने सिधे अगली तारीख जनवरी के अंतिम हफ्ते मे रख दिया है !! 😪 तारीख नही बताया 😪 Only Retweet 👇,0
इन 59995 में हमारे टेक्स से पलनेवाले सुअर के बच्चे कितने है ?,1
गब्बर तो पहले ही बोला था की कुत्तो का आगे मत नाचना तुम क्यो नही मानती ?,1
इसके ज्ञान के हिसाब से ये मुलायम को नहीं लालुप्रसद बेटा लग रहा है। समजवादी पप्पू कि कमी महसूस नहीं होने दे रहा है।,1
मैडम लातों के भूत बातों से नहीं मानते,1
बहुत बात पर आपको फॉलो किया जाता है.,0
एक बार कोरोना हुआ तो अक्ललेश का बाप भी लगाएगा,1
जन्मदिन कि हार्दिक बधाई राज्यसभा सांसद श्री नीरज डांगी को जन्मदिन कि बधाई देते काँग्रेस के वरिष्ठ नेता नीरज शर्मा,0
खट्टर की बहू 😂😂😂,1
"लगवाते समय देख लेना, वैक्सीन ही हो , खाली डिस्टिल वाटर ही न पेल दें, कम्बख्त इनका कुछ भरोसा नहीं।",1
"भाजपा सरकार ने आज फिर निरर्थक वार्ता करके अगली तारीख़ दे दी। हर बार आधा दिन गुजार कर 2 बजे बैठक करने से ही लगता है कि भाजपा सरकार आधे मन से आधे समय काम करके, इस आंदोलन को लम्बा खींचना चाहती है, जिससे किसानों का हौसला टूटे पर किसान टूटनेवाले नहीं, सत्ता का दंभ तोड़नेवाले हैं।",0
"चारों तरफ़ लकडहारे हैं, फिर भी पेड़ कहां हारे Singh IAS",1
"पहला टीका ,महामहिम को ,दूसरा मोदी जी को ,तीसरा मोहन भागवत को ,चौथा संवित पात्रा को लगना चाहिए ।",0
भाजपा सरकार मुर्दाबाद,1
😢देखो ये जिओ की लूट जिओ RCOM का Assets and Spectrum मुफ्त में उपयोग कर रहा है लेकिन RCOM का 28000 Crore का AGR और 55000 Crore का बेन्क लोन भरपाई नहीं करता?😢दूसरा ये दोनों अंबानी भाई ने मिलकर RCOM को देवालिया घोषित ईस देश/पब्लिक का ये पैसा वापिस भरपाई करना ना पडे😢,0
"काले कानून निरस्त करवा दो-धरना खत्म राहुल गांधी ने सरकार को क्रूर कहा-57 किसान शहीद ,ये क्रूरता ही बादल ने मोदी को तानाशाह कहा-पुराने साथी है -हकीकत वो जानते हैं। वामपंथी दलों ने गणतंत्र दिवस पर राजपथ पर ट्रैक्टर चलाने का आइडिया दिया-ट्रैक्टर देश की शान है।",1
Rip पागल रन्डी कूगना,1
"माननीय हम के अभ्यर्थी भी तो खून-पसीना बहाकर,कड़ी मेहनत से यहां तक पहुंचे हैं।हमने भी तो 5 वर्ष तीनों चरणों के लिए कठिन मेहनत और प्रतीक्षा की है।कृपया 227 पद पुनःजोड़कर युवाओं को न्याय प्रदान करें .x",0
"के काफिले पर हमले की ख़बर आ रही है। ये बेहद निंदनीय है। हार के बाद गुंडागर्दी फैला रही है। भाजपा जब-जब डरती है, गुंडागर्दी करती है।",1
जय श्री राम 🙏🙏🙏🙏🙏🙏,0
दिल्ली की दहलीज़ पर “दम” तोड़ता रहा किसान फिर भी महलों में आराम से सो रहा है शैतान अन्धभक्त,1
"तख़्त बदल दो, ताज़ बदल दो बेईमानों का राज़ बदल दो।",1
हमारे देश के हिंदुत्व नेता चुतिऐ है वर्ना अपने धर्म के खिलाफ बोलते नही ।।,1
सही वक्त पर करवा देंगे हदों का तालाब खुद को समंदर समझ बैठे,0
भारत में क्रिप्टो प्रेमियों के साथ जुड़ने के अवसर के लिए धन्यवाद। हम इसे इस शनिवार कर सकते हैं। 🙏,0
चमचा😜,1
"अभी करें योग🧘‍♂️ ""उज्जायी प्राणायाम"" YouTube Link रहिये आकाशवाणी के संग📻 Like👍Comment✍️Subscribe🔔 कीजियेगा",0
आरती की थाल ले कर तैयार रहना 😆😆😆😆😆😆😆,0
राम नाम का सिमरन करने से इंसान जी सकता है St Dr. ji से गुरु मंत्र लेकर के अनुयायी आनंदमय जीवन व्यतीत कर रहे हैं,0
कृति सैनन बाइक राइड का लुफ्त उठाती आईं नजर,0
"स्वरा आप बार-बार ऐसा क्यों करती हैं? आपको सेना पर सवाल उठाना है तो पूरी पड़ताल करें, नहीं तो कुछ नहीं बोले, क्या जरूरी है बोलना ? सेना को बदनाम क्यों करती हैं ? क्या आपको तनिक भी शर्म नहीं आती? क्या आपने शर्म बेच दिया है?",1
"कम्मो जी को सलाम है,इतनी चाटुकारिता को कौन करता है भाई😀",1
"सुप्रभात,GM",0
आज देश का किसान सरकार की गलत नीतियों के कारण भारी ठंढ के मौसम में सड़कों पर रहने को मजबूर है और ये नालायक सरकार कुम्भकर्णी नीद सोई हुई है,1
"सारद दारुनारि सम सूत्रधर अंतरजामी,जेहि पर कृपा करहिं जनु जानी। कबि उर अजिर नचावहिं बानी🙏",0
जय महाकाल🙏 शुभ प्रभात दीदी 😍🙏,0
राजनीति करनी है तो गुंडे पालो गुंडे बनो नही,1
"Viral Video: शख्स ने बॉलीवुड गानों पर किया धमाकेदार डांस, दीपिका के ‘घूमर’ गाने पर भी नाचता दिखा",0
लौंडे कि हरकत देखकर मुलायम सिंह यादव भी सोच रहे होंगे कि काश उस रात मेरा मुलायम ही रहता । 😂😂😂😂🙈 🚩जय श्री राम🚩,1
😂😂😂😜 यह तो मैं भी सोच रहा हूं मेरा ट्यूटर क्यों नहीं सही से चल रहा है,0
रजत शर्मा पत्रकार नही मोदी का पIलतू 🐕 है! अगर आपको जरा भी शक़ हो तो इस सत्य को बिल्कुल RT मत करना!,1
अपने ऊपर होने वाले साजिश और खतरे को नजरअंदाज कर पूज्य Sant Shri Asharamji Bapu ने राष्ट्रहित में धर्मांतरण कार्य बंद कराने की हरसंभव प्रयास की । मिशनरियों द्वारा धर्मांतरित किये गए भोले भाले हिंदुओं की घरवापसी करायी।,1
ओम् जी।,0
भाजपा के राज मे जितना लूटहारी मची है किसी सरकार मे नही थी देश के लिए कोई ऐसा काम नही किया है भाजपा ने जिससे देश का कुछ फयेदा हो।,1
जी 🙏🌷 🌹🔱🌿 🙏🌷🌿 🙏🏹💢 🙏 🌷🌿,0
भाई ऐसा कर एक अपनी असली id भी बना ले. उस से समर्थन कर किसानों को . मुझे पता है ये तेरा काम है. मजबूरी है. पापी पेट का सवाल है. इस account चाट ले चल 😆😆 2 रुपये.,0
15 जनवरी से 27 फरवरी तक रामसेवक आएंगे आपके द्वार,0
हमारा बोर्ड से अनुरोध है कि जल्दी से जल्दी डिप्लोमा JE कीआंसर की जारी की जाए FIGHT FOR RIGHT,0
RT करने वालों को फॉलो करें. गोबरभक्त 10 फिट की दूरी बनाए रखे.,1
गेला का,0
क्या मरने के बाद मिलगे प्रमोसन,1
नेता जी का चेहरा देख कर लग रहा है दरोगा ने गिरा 2 उठा 2 के ठोंका है इसकी मैं कड़ी निंदा करता हूँ अगर मारते 2 लाल कर देते तब भी कड़ी निंदा ही करता,1
दिल्ली के चांदनी चौक में तोड़े गए हनुमान मंदिर के लिए केजरीवाल सरकार के खिलाफ जबरदस्त प्रदर्शन हुआ इस लंपट धूर्त खेजड़ीवाल को अक्ल दो प्रभु,1
सब के सब चोर है,1
जबलपुर : दमोहनाका के मेट्रो बस स्टाफ पर बेख़ौफ़ सटोरिये खुलेआम खिला रहे via,1
ये भी एक रहस्य ही है कि 70सालों से किसान घाटे से फसल बेच रहे है,0
Untag करो फाइटर भाई!💐💐💐,0
upp 49568 police भर्ती के 35568 अभ्यर्थी अपने मेडिकल और प्रशिक्षण का इंतज़ार कर रहे है जबकि मुख्यमंत्री जी ने 6 माह में नियुक्ति की बात कही थी जबकि 4 माह बीत चुके है कृपया एक साथ करके अपना किया हुआ वादा पूरा करो,0
किसी पार्टी विशेष के प्रवक्ता की ऊटपटॉग बात को इस प्रमुख्ता से रखना चाटुकारिता की हद है।,1
जुते पर ठाकुर लिखा होना अगर अपराध हो गया तो हम बडे़ अपराधी है पर हमारे चौकीदार तो हर रैली में अपनी जाति बताते रहते हैं,1
महाराष्ट्र में चुनाव आयोग के दफ्तर में शिवसेना और एनसीपी के कार्यकर्ताओं के बीच जमकर,0
"परन्तु दलाल,गोदी मीडिया नहीं आएगी!!",1
"यह केवल प्रभु श्री राम का मंदिर नहीं है यह हमारे स्वाभिमान ,अभिमान का प्रतीक है। प्रभु श्री राम मंदिर निर्माण में दिल खोलकर तन मन धन से इस दिव्य अभियान में सहयोग करें। जय श्री राम",0
बहरूपिया तो तुम हो,1
आज स्व. RPS श्री महेन्द्र सिंह हरसाना जीं के छोटे भाई श्री सुरेन्द्र हरसाना जी से उनके निज निवास जयपुर में सुखद मुलाकात की एवं सामाजिक मुद्दो पर चर्चा की।,0
हीरोपंती करते-करते यह खुद तो मरेंगे ही साथ में दूसरे वाहनों के लिए भी मुसीबत बनेंगे। कृप्या इनकी पहचान कर पुलिस में सूचना दें। .,0
अपने मुंह मिया मिठ्ठू,0
जिस देश में काल्पनिक कहानियों के पात्र का मजाक उड़ा दो तो आस्था आहत हो जाती लेकिन उसी आस्था के मंदिर में बलात्कार हो जाते हैं तो कोई आहत नही,1
"भगवान एक है, लेकिन उसके कई रूप हैं। वो सभो का निर्माणकर्ता है और वो खुद मनुष्य का रूप लेता है।",0
आरक्षण इसलिए नहीं है कि एकलव्य कमजोर है! बल्कि आरक्षण इसलिए है कि द्रोणाचार्य हरामखोर है!! जय भीम जय जोहार साथियो,1
इसके लिए मोदी जी को कोटि कोटि प्रणाम,0
"पर तुम लोग इतने गधे हो ना सेना पर भोरोसा ना डॉक्टर पर भरोसा ना वैज्ञानिक पर भरोसा ना rbi पर भरोसा न विस्व बैंक पर ना who पर है , भरोसा सिर्फ बार वाली के पुत्तर पर है जिसे दुनिया पप्पू के नाम से जानती है",1
🙏💓🌿राधे राधे जी 🌿💓🙏,0
छिपकली से डरने वाली एक नाज़ुक मां बनती है तो औलाद की खातिर दुनिया के मगर मच्छों से लड़ जाती है।।,0
ओह्ह तो ये भी कोई मोदी जी कम है के,1
यहां तो योगी जी का प्रशासन सज़ा दिलवा देगा लेकिन पालघर के साधुओं के लिए इस अभिसार शर्मा नामक लिब्रांडू के मुंह से एक शब्द भी नहीं निकलेगा,1
आजाद जी अयोध्या में जो बन रहा है वह बलात्कार का ही स्थान है मंदिर कहने में हमें शर्म आ रही थी क्योंकि हम हिंदू हैं,1
योगी जी भारत के सर्वश्रेष्ठ मुख्यमंत्री पोस्ट पर आपका समर्थन ही चमचों का मनोबल,1
"पुजारियों ने हैवानियत की सारी हदें पार की। पूजा करने आई औरत के साथ मंदिर के पुजारी एवं उसके चेलों ने बहुत ही जघन्य तरीके से गैंगरेप किया। हैवानियत के बाद प्राइवेट पार्ट में डाली रॉड, मौत। पीड़िता के पैर, पसली एवं फेफड़े भी डैमेज।",1
कोई हमें भी फोलो कीजिये🤗 👈😊,1
मूर्ख है हरीश रावत,1
राम राज्य वाले यूपी मे 50 वर्षीय ' सीता ' के साथ मंदिर के पुजारी ने गैंगरेप किया है। निर्भया रेप से भी ज्यादा और घिनौना कांड हुआ है। वो पंडित गुप्तांग में रोड डाल कर महिला को तड़प तड़प के मरने दिया। उस ' सीता ' का कसूर बस इतना था कि वो ' राम ' के मंदिर उसकी पूजा करने जा रही थी,0
चम्पू का चप्पू हम चला पाने में असमर्थ थे इसलिए इंकार करना पड़ा ।। ☹️☹️☹️,0
ये जो अंधभक्त मोदी के लिए अड़े हुए के राज में मिड डे मील खाके बड़े हुए हैं ये सब याद है न,0
लो ये अपने डॉक्टर साहब भी दिल के मरीज निकले,0
एक डिबेट इस पर भी हाेजाए के में दलाली क्यू करता हूं? क्या में पी एम मोदी का वफादार कुत्ता बनना चाहता हूं? आखिर क्या है?,1
"बदायूं घटना पर भड़की प्रियंका, बोलीं- महिलाओं के खिलाफ अपराध रोकने में फेल योगी",0
बेटी बचाओ पार्टी के रामराज्य में बेटियों व महिलाओं के साथ जिस प्रकार की विभत्स घटनाएं घटित हो रही ऐसा शायद किसी राज में हुआ हो ! इस प्रकार की विभत्स घटनाओं को देखकर यमराज का भी सर झुक गया होगा ! राम गैंगरेप - मर्डर केस,0
"दरिंदगी की भी हद होती है,बलात्कारियो पर इस्लमिक कानून लागु करो।😡 ये बहोत ही खौफ नाक घटना है। 😰",0
देख पगली 1 करोड लोग कोरेना से रिकवर हो गये है सोचा कांग्रेस के गुलामो बता दें पेट में जुलाब लग गये होगे,1
केजरीवाल की पार्टी को वोट देने वाले Arvind Kejriwal ने हमारा हनुमान मंदिर तोड़ दिया वही केजरीवाल मौलवियों को 18000 रु तनखाह देता हैं फ्री फंड के लालचखोर हिन्दुओ तुमने बिजली पानी मुफ्त पाने के चक्कर में हनुमान जी के मंदिर को तुड़वाने में सहयोग दिया है,0
ना गुंडाराज ना भ्रष्टाचार अबकी बार फलाने की सरकार🙄🙄,0
माननीय प्रधान मंत्री व गृहमंत्री जी आज चर्चा है कनाडा का खालिस्तानी MP रमन दीप बराड किसानों के आंदोलन में आया है जो नियमों के खिलाफ है उसे जेल में होना चाहिए था वो आदोलन में क्या या शाहीन बाग की तरंह दंगे करवाने का इरादा है,0
बंदाँयू मे हुए गैंगरेप की घटना बहुत ही शर्मनाक है। ऐसे वीभत्स मानसिक बीमार लोगो को फाँसी से कम सजा नही चाहिए। योगी सरकार मे रोज महिलाओ के प्रति अपराध मे वृद्धि हो रही है ।,0
सालो अब भी राजनीति कर रहे हो क ब तक हिन्दू मुस्लिम करते रहोगे किसी की जान चली गयी और ओझी बाते करे शर्म नही आती है जमीर बेच दिया है,1
प्रदेश कांग्रेस की नई टीम में भरतपुर का एक भी चेहरा शामिल,0
बे रावत ये बता कल्लो के लिए किस बात का भारत रत्न मांग रहा है ?,1
"किसानों के धैर्य की परीक्षा मत लो साहब, किसान तो फसल बोने के बाद 4 महीना धैर्य ही रखता है, तब फसल काटता है।",0
भाईजान आप बोलिए ना उनको!की पहले लगवा लें! शायद वो आपकी बात मान जाये! नहीं तो आप ही लगवाकर उदाहरण प्रस्तुत कर दिजिए!और वैक्सीन को अपना सपोर्ट दे ताकी लोग विरोध करना बंद कर सके! रुहबिकाजी,0
देशद्रोह से लेकर पत्थर सिर्फ एक जगह इखट्टा मिल जाएंगे अभी भी? जबकि यह सभी के लिए है! तुम बचाव में हो क्या गुनहगारों के?,0
"मिर्धा , डूडी",0
भारतीय वैन डिजेल का राम राज बाक़ी सब ठीक गोदी मीडिया इन डीप शीट,1
जितनी भी निंदा की जाए कम है। ऐसे अपराधियो को तुरंत फांसी होनी चाहिए नहीं तो माओ और बहनों को यू ही ये दरिंदे मारते रहेंगे।,0
"हिन्दुस्तान से सभी मुसल्ले,कटुए,सूअर,हलाला की,गटर की,हराम की पैदाईशीयों को धक्के मारकर निकाला जाए,इन्हें और इनकी बदनीयती देख देख कर हम हिन्दुओं को बरदाश्त नहीं होता है | जय श्री राम |",1
केजरीवाल जी की सरकार वाले भारी बडा बल के साथ दील्ली के प्लेटफार्म पर अवेघ रुप से निरमीत मजार को हटाने वाले हैं,0
"महिला हिंदू थी,गैंगरेप हुआ,पसली तोड़ी,शरीर में सरिया डाला और हत्या,, सब क्योंकि बलात्कारी-हत्यारे पुजारी जो हैं !",1
"आपने हिंदु संस्कारो से किया वो करना ही चाहिये लेकीन यह करके आपको क्या दिखाना है? सेक्युलिरजम? आप एक विधी विषय मे काम करने वाले होते भी आप एक सनातनी पालन करनेवाले घर मै आयात पढते है, बायबल का वाचन करते है, वो भी एक ऐसी दादी जो खुद हिंदू प्रतिको पे विश्वास रखती Jagao",0
जान तक देने की बात हुई पगली ने रूमाल तक नहीं दिया नाक पोछने 😭😭😭😭😭 और इस पगली की वजह से पहली बार पता चला जो बह रही है उसका स्वाद होता है😜 और इस पगली की वजह से पहली बार पता चला जो बह रही है उसका स्वाद होता है😜,1
"गजब धोया, सर👍👍 लेकिन जो पप्पू हमारे प्रिय प्रधानमंत्री जी को केवल गाली देता रहता है, उस पप्पू के नाम के साथ जी लगा कर ना बोलिये 💐",0
"चमचों रंडी रोना शुरू कर दो नहीं तो भूरी काकी डंडे से मारेगी ! 😂 उठो,जागो और ट्वीट करो - : लो जी अब तो मोदी जी ने वैक्सीन भी बेच दी 😜 ""न्यूज़ :-: ब्राजील भारत से खरीदेगा 5 मिलियन वैक्सीन !!""",1
🌿🌺जय श्री हरि विष्णु🌺🌿🙏,0
"अल्लाह ने दुनिया बनाई ,इंसान बनाया ,सूरज चाँद सितारे बनाए ठीक है लेकिन सुअर क्यों बनाया जब सुअर हराम है तो ..",1
"महिला स्वतंत्रता सेनानी तथा एक बेहतरीन समाज सुधारक पद्म विभूषण जी को उनकी जयंती पर शत-शत नमन।💐🙏एक संपन्न घराने की बहू, जिसने देश के लिए ख़ुशी-ख़ुशी हर आराम त्याग दिया |",0
भारत में भी तो नफरत का बाजार रोज सजता है देखना यह है भारत को ऐसी स्थिति का सामना कब करना पड़ेगा।,0
"मुरादनगर की घटना ने एक गंभीर बात बताई है कि ये e-tender की बाते बेमानी है, इसमें भी सेटिंग का संदेह है, नेताओ मंत्रियो अधिकारियो ठेकेदारों पप्पुओ PWD बाबुओं के पास इलीट गाड़िया फार्च्यूनर न होती 1/2",0
आ जाएगी भाई टेंशन नको,0
भाजपा जिंदाबाद,0
भारत में कोई भी व्यक्ति हों कानून से ऊपर नहीं हों सकता संविधान द्वारा हीं समस्त देशवासी बंधे हुए कानून को हाथ में लेने का इजाज़त नहीं परन्तु आज के परिप्रेक्ष्य में देखा जाएं तों आज़ादी सुनिश्चित होने के साथ स्थिति आखिर क्यों हमारे देश में भयानक रूप धारण कर रहा।,0
इन भक्तों के कारण ही डोनाल्ड ट्रंप ने चुनाव हारा। ‌ भारत में जो अंधभक्त है उनके पूर्वज और स्वयं अंधभक्त पहले कांग्रेस के साथ थे और अंदर ही अंदर कांग्रेस को खोखला कर दिया। अब यह सारे भाजपा में आ गए हैं और भाजपा का भी बुरा हाल होने वाला है। यह जहां जाएंगे वहां बर्बादी लाएंगे।,0
सृष्टि कैसे हुई? कब हुई? किसने की? क्यों की? इन सभी सवालों के जबाव केवल द्वारा लिखित सद्ग्रन्थों में उपलब्ध है । अधिक जानकारी के लिए देखिए साधना टीवी शाम 7:30 बजे और पढ़ें ज्ञान गंगा पुस्तक,0
"मतलब वही काँग्रेस का जांचा परखा फॉर्मूला - कौमी दंगे भड़काना ,अराजकता फैलाना, नफ़रत फैलाना",0
इन्सान से ज्यादा यह वानर समझदार है। ढोंगी बाबा कुछ इस वानर से सीखो। 😊 cc,0
"अगर दंगाइयों पर तेरा कोई बस नहीं चलता, तो फिर सुन ले हुकूमत, हम तुझे नामर्द कहते हैं। मुन्नवर राणा",1
प्रणाम प्रभु 🙏🙏🙏,0
सुप्रभात भैया जी जय गुरुवर की जय माता की 🙏🙏🙏,0
"टोंटी भइया ने, गूगल मैप से देखा है कि , वैक्सीन bjp ऑफिस में बन रही है 😂🤣😂",0
"हमे यह सरकार पेट्रोल डीजल, चावल, दाल के दाम कम रखने के लिए नहीं चुनी देश को लुटेरों,जिहादियों, गद्दारो को उखाड़ फेंकने के लिए चुनी और उनके द्वरा फैलाई गंदगी को साफ करने के लिए।",1
फिर (ट्रम्प) दोस्त किस (मोदी)का,0
कविर्देव (कबीर प्रभु) ने सतपुरुष रूप में प्रकट होकर सतलोक में विराजमान होकर प्रथम सतलोक में अन्य रचना की। एक शब्द (वचन) से सोलह द्वीपों की रचना की। सत ज्ञान प्राप्त करने के लिए सतलोक आश्रम न्यूज़ चैनल visit करें,0
Uptet विज्ञापन जल्द से जल्द घोषित हो और 7मार्च परीक्षा तिथि हो। अब इससे ज़्यादा विलम्ब नही होना चाहिए। Jay Shree ram 876,0
"दिल्ली के सिंघु और हमीदपुर गांव के किसानों का कहना है कि कृषि सुधार कानूनों से किसानों को लाभ ही लाभ हैं। किसानों का स्पष्ट मत है कि ये आंदोलन किसानों के हित के लिए नहीं, बल्कि राजनीतिक स्वार्थ के चलते हो रहा है। यह गंदी राजनीति बंद करो केजरीवाल जी।",0
गौमूत्र वालों ने तो दो दो वैक्सीन बना दी ऊंट का मूत्र वालें 57 देश अभी भी काफिरों की तरफ ही ताक रहे है !! 😄,1
एक भारतीय होने के नाते मैं आत्मीय रूप में आभारी हूं उन तमाम बंधुओं का जिन्होंने में भारतीय जनमानस के COVID-19 से निवारण हेतु धर्मस्व सहयोग किया 🙏🙏🙏,0
यह सब पाकिस्तान के दलाल है इनकी बुद्धि चाइना की धरोहर है । यह जिस पत्तल मे खाते है उसी मे छेद करना इनकी मानसिकता बन चुकी है ।,1
"हमारे साथ सबसे बड़ा गद्दारी इतिहासकारो ने किया!! चोर,डाकू,लुटेरे,बलात्कारी,हत्यारा,आतंकी मुगलो का महिमामंडन किया! आज वही गद्दार अपने आप को बुद्धिजीवी कहते है! 🚩जय श्री राम🚩",1
"एक मंदबुद्धि के मूर्ख गया है ट्रंपवा, India की कॉपी करवा रहा है",1
"सत ज्ञान प्राप्त करने के लिए Satlok Ashram Youtube Channel पर Visit करें | अधिक जानकारी प्राप्त करने के लिए अवश्य देखे साधना चैनल शाम 7:30से8:30 तक। और पढे अनमोल पुसतक ,,जीने की राह और गयान गंगा,,।",0
जब पकिस्तान इस्लामिक स्टेट हो सकता है तो हिंदुस्तान क्यों नही।,0
जानिए क्यों इस साधू का ये वीडियो हो रहा है दुनिया भर में वायरल,0
"""वक्त हमसे पुछता कितना वक्त दे, हम कहते है बस पल भर का मौका दे।"" जयहिन्द जय भारत हम फिदा है उनपर जो वतन के लिए जिते है",0
पनौती ने मोर और तोते को हाथ क्या लगाया कमबख्त पक्छी मे भी बर्ड फ्लु फैल गया,1
भाईचारा क्या कोई विचारधारा नही है भाईचारा कायर हिन्दुओ की ना मर्दानगी का एक रंगीन कफन है जिसे ओढ़कर दोगले हिन्दू अपनी नपुंसकता का प्रदर्शन करते है। 😡💚😡,0
जय श्री राम,0
प्रणाम जयन्त कुमार सिंह सिंकु भाजपा नेता वाराणसी,0
वाशिंगटन में चाटुकारिता करने पहुंचे है 🤣 क्योंकि इंडिया में किसान लात मार के भगा देते है इन दल्लो को 😜,1
परम अक्षर पुरुष कबीर जी द्वारा मानसरोवर के जल से अंडा बनाकर उसमें प्रवेश आत्मा से काल की उत्पति हुई,0
"निसंदेह ये वो वाला पप्पू किंतु इसका कार्य ""वो"" वाले पप्पू जैसा ही है मोदीविरोध",0
जय श्रीं राधे कृष्ण 🙏,0
बेशरमी की हद हो गई,1
🔥पत्रकारिता करे सरकार न चलाये 🔥सरकार जन्ता की है🔥न्यूज 24 एवं अन्य को जनता मुसलमान सरदारों किसानो फोज मजदूरों भडकाने अधिकार नही होना चाहिए🔥मोदी जी ने क्या कह दिया अबकी बार ट्रम्प सरकार🔥,0
ज्योति,0
जय श्री राम,0
कविर्देव (कबीर प्रभु) ने सतपुरुष रूप में प्रकट होकर सतलोक में विराजमान होकर प्रथम सतलोक में अन्य रचना की। एक शब्द (वचन) से सोलह द्वीपों की रचना की। - जगतगुरु तत्वदर्शी संत रामपाल जी महाराज,0
20 जनवरी के बाद अमेरिका में के समर्थकों का क्या हाल वाले सुना है बहुत सख्त मिजाज के हैं!,0
"राजस्थान में सस्ता क्यों नही बेचते हो वहां तो सबसे महंगा है,अनर्गल बातों से लोगों को बेवकूफ बनाने का जमाना गया पप्पू गिरपड़े ! हां तुम्हारे जैसे विरोध के बवासीरियों को तुम्हारी बात में दम दिखेगा पर वो लोग काफी नही हैं, झूठे मुद्दों के सहारे सरकार में आने का सपना कभी पूरा न होगा।",0
"किरीट सोमैया जी रावण की लंका का दहन आपके ही हाथो हो ,क्योंकि देवेन्द्र फड़नवीश बिक चुका है।",1
अरे कुछ तो शर्म करो।बेरोजगारों के साथ झूठे वादे करके सत्ता में आ गए और नियमों का हवाला देकर के पद खा गए।चारों ओर एक से बढ़कर एक कंस बैठा है सत्ता में।कोई है अन्याय का प्रतिकार करने वाला।,1
"अमरीका की घटना बड़ी बात नही है बड़ी बात तो यह है कि इस घटना पर ""पाकिस्तान"" ने अमेरिका को शांति का पालन करने की अपील की है। 🤣",0
"कागज फिल्म देखी. ने एक 'मृतक' के किरदार को जीवित कर दिया. यूपी का ठेठ देसीपन, भरत लाल का भोलापन और उसकी फिल्म. पूरी टीम बधाई की पात्र है.",0
नाको नाको। मोदी को भी इसके जैसे हटडो यार। indian politics बहुत बड़ा घपला है boss।,1
बहुत ही शर्मनाक। पर इनको कोई फर्क नहीं पडता । आला दर्जे के बेशर्म जो ठहरे।,1
इस बात पर सारे रवांडा चैनेलो पर बहस नही होगी।,0
उक्त प्रकरण के संबंध में सम्बन्धित को आवश्यक कार्यवाही हेतु निर्देशित किया गया है।,0
फैसला जो भी हो हमे स्वीकार है लेकिन जिसने बसपा को तोड़ने कोशिश की है अथात: जो दूसरों के लिए खंडा खोदेगा उसमें वह स्वयं गिरेगा नही तो तो कल राजस्थान सरकार जरूर जायेगी,1
"ताकत संख्या की नहीं, सोच की होती है, संख्या की होती,तो obc संख्या में 52% के बावजूद,मात्र 3% सवर्णों के गुलाम नहीं होते।",0
बिहार में प्रधानाध्यापक के कोरोना संक्रमित पाए जाने पर स्कूल बंद,0
दिल्ली के सत्ताधारियो को से डर लगता है ऐसा नही होता तो अनावश्यक गांधी परिवार की बदनामी की सरकारी मुहिम नही चलाई गई होती लड़ाका अकेला भले रहे उससे तानाशाह को डर लगता है अकेला योद्धा प्रामाणिक होगा तो यह डर सौ गुना बढ़ जाता है राहुल गांधी का डर सौ गुना वाला,0
हमारे महाराष्ट्र में भाजपा सरकार था तो सभी काम अच्छे हो रहे थे लेकिन अब नहीं हो रहे हैं सब मनमानी कर रहे हैं देश हमारा संकट में चल रहा है जय माता दी,0
और तू आतंकवादी हाफिज सईद की औलाद है,0
"लुत्फ़ आराम का तू क्या जाने, कभी ऐ वक़्त ठहर मेरे साथ।।",0
0 medm ji पिछवाड़े क्यों दिखाती हो,1
तेरे भी मिर्ची लगी क्या 2 रुपये ट्वीट वाले गोबर भक्त😜😜,1
"सड़क दुर्घटना में जीजा बुरी तरह घायल, साली की इलाज के दौरान हुई मौत। कुमारगंज थाना क्षेत्र में अयोध्या रायबरेली रोड़ पर तेजरफ्तार ट्रक की टक्कर से साईकिल सवार जीजा व साली हुई बुरी तरह घायल इलाज के दौरान मौत।",0
"पाकिस्तानी झूठ की पोल खुली अब तक तो आतंकवादी मसूद अजहर को लापता बताया जा रहा था मगर फेटफ की तलवार से क्या फटी, हाफीज सईद तथा जकीउर्रहमान लखवी के बाद अब मसूद अजहर पर भी हाथ डालना पड़ गया लापता कहां से प्रकट हो गया?",0
मुझे तो ऐसा लग रहा हैं तुम्हारा बाप मोदी अभी तो दाढ़ी बढ़ा रहा हैं। कुछ दिन बाद जब मोदी के बुरे दिन आयंगे इस्लाम धर्म कबूल कर लगा फिर तुम बाबा जी का घंटा है बजा लीयो।।,1
तुम भी तो पंडिताइन हो .. बहरी हो कि नही ये नही पता,0
शायद ही ऐसा कर सकते हैं प्रधनसेवक।,0
इतना कमीनापन की ट्रेनिंग बचपन मैं घर से शुरू हो गई थी क्या इनकी ?,1
"ट्रंप साब इतनी तोड़ फोड़ आगजनी करने कि क्या जरूरत थी! सासंद, विधायक ही खरीद लेते ""इतनी गहरी मित्रता थी तो इतना तो सीख ही लेते कैसे सरकार गिराई ओर बचाई जाती है",0
तुमलोग जैसों के money भाई को देखने के बाद के घड़ियाली आंसू को न देश serious lena छोड़ दिया है। 🚩🚩🚩🚩🚩,1
"ye सुरेंद्र राजपूत इतना ज्ञान बात रहा है, तो ये बतावो आज तक किया क्या ? कांग्रेस ने ? किसानो के लिए ? ये जवाब दे दे,",0
विपक्ष की हरकतें कहती ध्यान भटकाने के लिए अनुचित छापेमारी करवाती विपक्ष का गुरू धयान लगाने थाईलैंड इंगलैंड अमेरिका सिंगापुर जाता ये मौजो के इनके ठिकाने है जिन्हें सरकार आजतक तलाश नही पाई,0
एक दीया उनकी याद में जो लौट के घर न की शहादत को सलाम करें एक दीया उनके नाम करें।,0
"सही सूचना व स्पष्टिकरण, धन्यवाद",0
उक्त प्रकरण में पुलिस बल मौके पर मौजूद है । आवश्यक कार्यवाही की जा रही है ।,0
ऐसे जाहिल पत्रकारों ने देश को बर्बाद कर दिया है? जेहादी आतंकी खुद बताते हैं सामने वालों? इनका अंत सुशांत से भी बुरा होगा उसकी आत्मा इनको ही कोस रही होगी?हो सकता है कारण कोई और रिया चक्रवर्ती को दुख पहुंचा कर घटिया ओछी राजनीति? ये इनके खानदानों में रमी हुई है🙏🙏🕉🕉,1
"*हिंदुस्तान में अकेला एक ऐसा नेता हैं, जो छुट्टी मनाने मसाज कराने बाल कटाने और कटाने इण्डिया आता हैं बोलो कौन ❓",0
ट्विटर पर फेक ID इतनी बढ़ गई कि लड़किया खुद को लड़की नही साबित कर पा रही है और बेचारी गालिया खा रही है। 😂😂,0
माननीय प्रधानमंत्री जी कल सुबह 8:30 बजे प्रवासी भारतीय दिवस सम्मेलन 2021 के उद्घाटन सत्र को संबोधित करेंगे। लाइव देखें •,0
"वैक्सीन आने के बाद भी कोरोना से जंग है जारी, निभाएं अपनी जिम्मेदारी ➜ स्वच्छता का विशेष ध्यान रखें ➜ दो गज की दूरी का पालन करें ➜ सर्दी/बुखार होने पर डॉक्टर से परामर्श लें via MyNt",0
देश के सच्चे सेवक दो कर्मयोगी!! ❤️🚩,0
अवश्य बुढऊ अंकल आंटी को प्रणाम कहना 🙏,0
"जो मोदी दुनिया के किसी भी देश के आगे नही झुका , कुछ दलाल सोचते है कि उन्हें झुका देंगे",0
आपकी शिकायत संख्या MV0801211703 दर्ज कर आवश्यक कार्यवाही हेतु सम्बंधित अधिकारियों को प्रेषित कर दी गयी है। जल्द ही आपकी समस्या का समाधान किया जायेगा।,0
भगवान से यही प्राथना करते है कि सभी सकुशल हो,0
ट्रंप की कोड का खौफ हाई | | | | | |,0
पहले जाकर उस घमंडी को समझा जिसका तू समर्थन कर रहा है किसान विरोधी बिल पर,1
उत्तर प्रदेश कांग्रेस के सभी नवनियुक्त जिला एवं शहर अध्यक्षों को हार्दिक बधाई। कांग्रेस महासचिव श्रीमती जी के नेतृत्व में मिलकर सभी मिशन 2022 को कामयाब बनाएंगे।,0
आदरणीय हमे आपका अनमोल फ़ॉलोबेक नही मिला हैं प्लीज FB दीजियेगा🙏🙏,0
कमला बिमला मेसे एक को पटा लिया होता,0
क्या झूठ फैलानेवाले को सजा नहीं देता ?,0
तीनों कृषि कानून वापसी की जिद पर अड़े किसान,0
"के जातिवादी ब्राह्मणो तुम बहुजन को काल्पनिक भगवान का डर दिखाकर उनसे आस्था के नाम से पैसे लूटते हो, मंदिर की मूर्ति थोड़ा पैसा लेगी तुम SCSTOBC को मंदिर को पुजारी बनकर लूट रहे हो ये तुम्हारा जन्म जात आरक्षण कब तक?",1
🙏🕉️🚩 🚩🕉️🙏 ‼️🌿 🚩 की कृपा आप पर बनी रहे 🚩 🚩🙏💐🌹 🌹💐🙏🚩,0
तेरे जैसे दो कौड़ी के पाखंडी लोग सनातन धर्म का नाश कर रहे हैं,1
बढ़िया राणा 😊 और तुम कइसन हो,0
आपकी सरकार सड़को और उद्योग पर इतना जोर लगा रही है। प्रकृति कहा छोड़ी आपने? रामगढ़ के पहाड़ों को बिलकुल साफ के दिया। अरावली को काट रहे है। मोरनी में सड़के निकाल दी। क्या इससे प्रकृति को नुकसान नही हो रहा? कुछ करे पर्यावरण के लिए। केंद्र सरकार तो निकम्मी है। आपसे उम्मीद है। 🙏,0
माफ़ करो न करो देश बर्बाद हो चुका अपने मुंह मियां मिट्ठू,0
राजकीय डाइट डीएलएड प्रशिक्षित बैच 2017-19 को नियुक्ति दो।,0
तू शिवसेना डूबाके ही हार भाई 😂😂😂😂,0
"पप्पू और तुम्हारी मम्मी भी कुछ बोलेंगी इस सौ करोड़ की उगाही के बारे किस मुंह से बोलोगे, आखिर हिस्सा तो तुम्हारे पास भी आता था ना😊😝",0
तू बाईजी वाले गेटअप में ही अच्छी दिखती है थोड़ी बहुत,0
"बुद्ध, सम्राट अशोक, महावीर, गुरु गोविंद सिंह, वीर कुंवर सिंह, रेणु, दिनकर, डॉ राजेंद्र प्रसाद,विद्यापति, भिखारी ठाकुर, नालंदा विश्वविद्यालय जैसे अनगिनत महापुरुषों व स्थलों से जाना जाने वाला बिहार। आप सभी को बिहार दिवस की हार्दिक शुभकामनाएं व बधाई।",0
पुराने प्रेम-पत्र में आखरी लाइन ये जरूर होती थी “लेटर पढ के फाड़ देना”,0
हर हर महादेव 💐🙏 जय सीता राम जी 💐🙏 जय श्री राधे कृष्णा जी 💐🙏 जय श्री लक्ष्मी नारायण जी💐🙏,0
बेरोजगार मांगे,0
अजय माकन जी से बात कराने के बहाने भाई हरपाल दादर वालों को पुलिस ने गिरफ्तार किया l,0
ये सभी।,0
विवादित?? मूर्खतापूर्ण तो हो सकता है पर इसमे विवादास्पद क्या है??,0
अनवार्य सब्जेक्ट फिर भी टीचर नहीं,0
काश बारबाला ये समझती,0
लेकिन आपके कोहिनूर (पप्पू )से सब कम है ।,0
"लेकीन संजय राऊत तो आदमी भी नहीं रह गया, पवार, सोनीया का पालतु बन गया है,",1
CBSE बोर्ड परीक्षाएं: 10वीं व 12वीं के परीक्षार्थी बदल सकेंगे Exam,0
"राहुल गांधी को पप्पू कहने वाले वही लोग थे जो आज यह बता रहे हैं कि फटी जींस पहनना ग़लत है, भारत अमेरिका का ग़ुलाम था, दो की जगह दस बच्चे पैदा करना चाहिए था वग़ैरह वग़ैरह। पच्चीस बैक बेंचर मिलकर टॉपर को मूर्ख कह रहे थे और आप ताली बजा रहे थे। उनके नहीं अपने बारे में",0
"हरि जी समय आ गया है कि आप जैसे विचारवान लोग हिन्दू (दलित) समाज का नेतृत्व करें. उदित राज जैसा दपोरशंखी जेहादियों/ईसाईयों का समर्थक और पिट्ठू है, उसे हिन्दू समाज को तोड़ने से मतलब है ना कि हिन्दू (दलित) समाज के हित से.",1
तू कोठे की पैदाइश है,1
और शासन की जिम्मेवारी क्या,0
बिना फार्मासिस्ट के दवा बांटी जा रही है प्रदेश मे ये धांधलेबाजी सरकार के नाक के नीचे चल रही जी को है 7वर्ष से नौकरी की उम्मीद,0
सिस्टर एफ बी कीजिए प्लीज़ 🙏💯✔️👌,0
ईमानदार खट्टर सरकार राज में सभी आईटीआई संस्थानों में होगा कमाल जब शिक्षित स्थाई अनुदेशक करेंगे अनुदेशक भर्ती पूरी करो माननीय मनोहर लाल :(,0
काफी पुराना वीडियो है यह,0
"पिछली बार मार्च में थाली-ताली पीटी थी, इस बार मार्च में अंधभक्तो के पिछवाड़े ही पीट देखते हैं कोरोना जाता है कि नही😀😀 प्रयोग तो कर के देख लो",1
पहले‌‌ सब गलत गलत उसको सही साबित करने‌ के लिए झूठ पर झूठ बोलेगे अंततः ‌देश‌ के बहुसंख्यक मानसिक विकलांग‌ गुलामो को समझा ले‌‌ जायेगे‌ इसको जुमलागैंग के पोंगा पाखंडियों की क्वालिटी समझ‌ ले‌ या गुलामों ‌की गुलामी,1
कभी जीवन मे चमचागिरी से समय मिले तो शाखा आ के देखना।,1
"TS रावत के बयान पर हंसिए वे मूर्ख नहीं, बल्कि एक संघी दरअसल RSS इतिहास को नए ढंग से पढ़ाना चाहती संघ का मानना है कि कांग्रेस ने इतिहास को त्रुटिपूर्ण गढ़ा है, और उसे बदलने की जरूरत तो देखते को देशद्रोही और सावरकर को हीरो भी बताया",0
बधाई हो आप सुपर ऐक्टिव ट्विटर हैंडल में है 😍👌💕,0
काफिर का अर्थ जानते हैं आप? या सिर्फ चंद राजनैतिक दलों की चमचा गिरी कर रहे हैं?,1
घर से भागने के दो महीने बाद एक सच्चा प्रेमी ऑटो चलाता है! एक सच्ची प्रेमिका ब्यूटी पार्लर का कोर्स करती है!,0
तुकाराम महाराज कहा करते थे कि पांडुरंग की चरण सेवा मुझको अपने पूर्वजों से प्राप्त हुई है। मेरे पूर्वजों ने एकादशी महाव्रत उपवास और पारण करके श्री विट्ठल देव को भक्ति पूर्वक अपने वंश में कर लिया था और उनके द्वारपाल बन गए थे।,0
"कृपया भारत और पाकिस्तान के शांति परिदृश्य पर इस नवीनतम शो को देखें और भारत और पाकिस्तान के पैनलिस्ट के अनुभव से लाभ उठाने के लिए अद्भुत ज्ञान को आगे बढ़ाएं। YouTube पर टॉक पॉलिटिक्स को लाइक और सबस्क्राइब करें, अधिकतम शेयर करें",0
आपकी राजनीतिक सिर्फ और सिर्फ नशे का व्यवसाय करने तक सीमित है शर्म आनी चाहिए आपको राजस्व के लिए मध्य प्रदेश की जनता को पतन के गर्त में धकेल दिया है आपने,0
ईश्वर आपको जल्द स्वस्थ करें ।,0
विदिशा में वाल्मीकि समाज से जुड़ीं सरपंच के पति श्री संतराम धौलपुरिया की इस्लामिक जिहादियों द्वारा हत्या व उनसे मिलने गए विहिप पदाधिकारियों पर पत्थरों व गोलियों से हमला बेहद निंदनीय है। घटना ने मीम और भीम के नारे लगाने वालों की भी पोल खोल दी है:,0
मालूम था यही जवाब आएगा,0
जब परमबीर कह चुके है 100 करोड़ वसूली की बात पवार और उद्धव दोनों को पता था तो सीधी सी बात है मुख्यमंत्री को इस्तीफा दे देना चाहिए था लेकिन लूटेरे ये नही करेंगे इन सबके पीछे पवार है,0
😂😂😂😂 ओहोओओओओ,0
इन्होंने अपने बायो में सीधा लिखा है इस्लामिक आतकवाद,0
कांग्रेस जहां भी जाती है भ्रष्टाचार की गंदगी फैलाती है।,1
मुंबई के पूर्व पुलिस आयुक्त परमवीर सिंह ने गृहमंत्री अनिल देशमुख पर लगाए अपने आरोपों की सीबीआई जांच की मांग कर आशंका की पुष्टि कर दी कि पूरा 'खेल' केंद्र केंद्रित ही है!,0
सरकार के मुठी में रहते हैं,0
प्रभु आपको जल्द स्वस्थ करें🙏 जय महादेव!,0
सरकार आपके साथ है सिर्फ टैक्स वसूलने के लिए बाकी सब जिम्मेवारी तुम्हारी,0
"कुरान शरीफ में मांस खाने का संकेत अल्लाह का नहीं है वास्तव में हजरत मुहम्मद जी को एक जिबराईल नामक फरिश्ते ने गला घोंट-घोंट कर जबरदस्ती डरा धमका कर कुरान शरीफ का ज्ञान लिखवाया था, अपने ही बनाये जीवों को मार कर खाने का आदेश कभी अल्लाह का नहीं हो सकता।",0
आज कोरोना की वर्ष गांठ पर ताली और थाली तो बजना चाहिए ?,0
तभी वसूली गैंग की नजर सत्ता पर है,1
आभार🙏🏻,0
जय श्री कृष्ण,0
"संत रामपाल जी ही बाख़बर हैं, अंतिम पैगम्बर, अंतिम नबी हैं।",0
"Rajasthan Police Constable Result : पुलिस कांस्टेबल भर्ती परीक्षा रिजल्ट घोषित, ये है डायरेक्‍ट लिंक",0
आपको कमजोर लग रहा है?,0
"सुरत-फुर्कानि 25:58 कुरान ज्ञान दाता अल्लाह कह रहा है कि हे पैगम्बर! तारीफ के साथ अल्लाह कबीर की पाकी का गुणगान किए जा।रात्रि ( 8:30 से 9:30 ) 📺📺साधना चैनल अवश्य देखें ।🕕 👉""अधिक जानकारी के लिए Satlok Ashram Youtube चैनल पर visit करें"" 👈",0
एक्स और दूसरे डाकू से बात कर रहा है छोटे से चोर को सस्पेंड कर दो ताकि हम लुटेरे डाकू जो जनता की नजर में सफेद कपड़ों में रहते हैं बच के रहें बच जाएं यही तो भारत का दुर्भाग्य के यहां पवार जैसे चोर लुटेरे अनिल देशमुख जैसे भ्रष्ट सत्ता में,1
हलचल मचा देने वाले मुद्दे पर कुछ दिन के भीतर पवार की यह दूसरी मीडिया ब्रीफिंग है। सिंह ने महाराष्ट्र के मुख्यमंत्री उद्धव ठाकरे को लिखे आठ पन्नों के एक पत्र में शनिवार को दावा किया था कि देशमुख चाहते थे कि पुलिस अधिकारी बार और होटलों से हर महीने 100 करोड़ रुपये की वसूली करें।,0
भिनाजु 😍,1
करोना की महामारी से बचने के लिए मास्क जरूर लगाएं और सैनिटाइजर इस्तेमाल करें अपने लिए नहीं अपने परिवार के लिए,0
"आज भाजपा, दरभंगा के जिलाध्यक्ष आदरणीय श्री जीवछ सहनी जी के नेतृत्व में पूरी टीम के साथ परिचर्चा और प्रेस वार्ता के दौरान। पारंपरिक मैथिल स्वागत पाकर अभिभूत हूं और आभारी भी।",0
पल में रंग बदलती है दुनिया फिर भी लोग पूछते हैं होली कब है,0
"सत्ता के मद में इतने मगराऐ हुए हैं शरद पवार और उद्धव ठाकरे कि इनके खिलाफ कंगना राणावत, सुशांत सिंह, अर्नब गोस्वामी, संतों की हत्या, जैसे कई मामले उजागर हुए मगर यह टस से मस नहीं हुए। इन्हें पता है कि महाराष्ट्र में जाति और धर्म का खेल खेल कर यह फिर सत्ता में आ सकते हैं।",0
एक जिम्मेदार पद पर रहते हुए गैर जिम्मेदाराना बयान की हम पब्लिक सेक्टरों को सही से नही चला पाएंगे । क्या मायने निकाले जाए इस बयान का? में तो मांग करता हूं कि यदि आपसे अर्थव्यवस्था नही संभाली जा रही है तो प्लीज् आप सीट खाली करे और किसी काबिल को आने दीजिये,0
पहली बार किसी फिल्म की शूटिंग देख रही होंगी आप तभी बड़ी हैरानी ही रही है।,0
जवानों को नियमित करो जवानों को नियमित करो 3,0
"आज ही के दिन 1739 में नादिर शाह ने दिल्ली में कत्लेआम किया। 30000 पुरुषों को काटकर और लङकियों महिलाओं को फौजियों में बांट दिया था। कहा की ""माल ए गनिमत"" है।",1
"है बिहारियों मे कुछ कसर मानते हो, लिट्टी चोखा का असर जानते हो ?? ❤",0
बिहार दिवस पर हार्दिक शुभकामनाएं।,0
असम को दिल्ली न समझे।वहाँ के लोग खुद्दार है।,0
बहुत-बहुत बधाई हार्दिक शुभकामनाएं,0
ही के 2020 में में बार की की गई,0
संन्त रामपाल जी महाराज जी ही है,0
"एक सेवारत DG रैंक अधिकारी सरकारी अवैध वसूली के आरोप लगा रहा है, एक व्यापारी जान खो चुका है और बेशर्म मुख्यमंत्री अब भी तमाशा देख रहा है, लानत है वालों पर, तुम्हें सिर्फ गधे की तरह काम करके गुंडे, पुलिस और नेता को टैक्स और हफ्ता देना आता है।",1
EVM का रोना = मतलब दीदी गई 🤣🤣 तेरा क्या होगा पप्पू ??🤣,0
ये काफ़िले बढ़ते रहेंगे क्योंकि हमें मंजिल की तलाश है ।।,0
चूतिया है क्या बे बिल्क़ुल पक्का वाला,1
देख लो चमचो। तुम्हे १५ लाख के पीछे लगाकर खुद १०० करोड़ प्रति महीने कमाया जा रहा है! अब सुलगो।,1
अच्छा क्षत्रिय है? चल गोत्र वंश बता।।,0
रैली में खत्म कि जाएगी,0
राकेश टिकैत कांग्रेस का दलाल है। किसानों का अपराधी है।,1
"मैंने आज एक लेडी के मुंह मे थर्मामीटर रखकर उसे कुछ देर मुंह बंद करने को कहा । पत्नी को काफी देर खामोश बैठा देखकर गांव के सीधे साधे पति ने मुझसे पूंछा- ""डॉक्टर मैडम ये कांच की डंडी कितने रुपये की आती है""😀🤣",0
यह सोच है या कुकृत्य पर पर्दा डालना।,0
माननीय बिजली आ गयी है धन्यवाद,0
जय श्री राम ❤️,0
"अगर तू भी ""मोX"", ""शाX"" के घर मे संडास पानी के जगह चाट कर साफ करेंगा तो तुझे भी अवॉर्ड",1
बस फर्जी डिग्री नही है। 😂,0
"लोगों की बाते कभी दिल पर नही लेनी चाहिए, लोग अमरूद खरीदते समय पूछते है मीठे तो है ना ? बाद में नमक लगा के खाते है।",0
"बम और पिस्तौल क्रांति नहीं लाते, क्रान्ति की तलवार विचारों के धार बढ़ाने वाले पत्थर पर रगड़ी जाती है। भगतसिंह , सुखदेव , और राजगुरु को शत्- शत् नमन् 🙏",0
इंकलाब जिंदाबाद,0
जय श्री राम 🚩 🙏,0
जल्द ही सुहागरात भी चौराहे पर मनाना आधुनिकता कहलाएगी। अगर यही सब आधुनिकता है तो कुत्ते-कुतिया हमसे अधिक आधुनिक और अच्छे हैं।।,0
"🇮🇳🇮🇳🇮🇳🇮🇳🇮🇳🇮🇳🇮🇳🇮🇳 23 मार्च को भारत के इतिहास में शहीद दिवस कहा जाता है। इस दिन देश के लिए आजादी की लड़ाई लड़ने वाले भगत सिंह, राजगुरु और सुख देव को अंग्रेजी सरकार ने फांसी दे दी थी। ए मेरे वतन के लोगो… तुम आँख में भर लो पानी… देश के शहीदो को नमन।",0
"बकवास, जब सांप्रदायिक सत्ता में हो तो गद्दारों का सम्मान स्वाभाविक है",1
"जो दबाने पर तुले है आवाज मेरी सुने, इतना गूजुंगा कि सदियों तक सुनाई दूँगा।।",0
पलाश के फूलों का रंग कई प्रकार की बीमारियों को भी दूर करता है और प्रसन्नता भी देता है।,0
की कीमत 100 रू. होने पर चिल्लाने वालों वसूली पर इतना सन्नाटा क्यों है भाई ❗,0
"हर चुनाव में इन अवसादी पत्रकारो की सारी ग्राउंड रिपोर्ट, authentic लोगो का स्टेटमेंट, इनके वीडियो में सिर्फ BJP विरोधी वोटर का ही होना साबित करता है कि ये पत्रकार नही दलाल है,। ये दलाल है? है ना? 😀😀",1
यह तो बस डराने की बात हैं। कुछ दिनों बाद न्यूज आएगी कि स्पीकर ओम बिड़ला ने कोरोना को दी मात। पश्चिम बंगाल से ऐसी न्यूज़ क्यों नहीं आ रही? वहां तो नेतागण बिना मास्क औऱ दूरी का पालन भी नहीं कर रहे।,0
गिरगिट की तरह मुंडी हिला रहे ह 😂😂😂😂,0
◆दिल्ली सरकार की नई आबकारी नीति पर दिल्ली बीजेपी खफा ◆दिल्ली बीजेपी का एक प्रतिनिधिमंडल उपराज्यपाल से मिलेगा ◆प्रदेश अध्यक्ष आदेश गुप्ता के नेतृत्व में प्रतिनिधिमंडल जाएगा,0
"असम विधानसभा चुनाव के लिए बीजेपी का संकल्प पत्र जारी, 10 बिंदुओं पर खास जोर | | |",0
जय जय श्री राम भाई 🙏🚩,0
"सत्य और सौंदर्य केवल चिंतन में अच्छा होने का एहसास नहीं है, बल्कि दैनिक जीवन के वास्तविक अनुभव में भी होना चाहिए| महान आवश्यकता के समय में, हिंसा अपरिहार्य है।",0
"शिवसेना के सांसद ने कल संसद में कहा कि मुंबई के पूर्व पुलिस कमिश्नर ""सबसे भ्रष्ट पुलिस अफसर है"". तो फिर उनको नियुक्त करने वाले उनसे भी भ्रष्ट होंगे। कौन लाया था उनको ?",1
"श्रीमान गहलोत जी, सेक्टर 34/35 रोहिणी के लिए DIMTS द्वारा प्रस्तावित रूट को मंजूरी देकर हम दिल्ली वासियों की मूलभूत जरूरत को पूरा करें जिसकी कमी से हम पिछले 5 सालों से परेशान हो रहे है और लगातार बस सुविधा की मांग कर रहे है।",0
"बाज़ार, टाइम बाज़ार, नागपुर डे/नाईट, कल्याण, दुबई डे/नाईट, बादशाह डे/नाईट, मधुर डे/नाईट, चेन्नई डे/नाईट, मिलन डे/नाईट, लक्ष्मी डे/नाईट, का रिजल्ट 1 घंटे पहले चाहिए तो कॉल करे- Rocky Bhai- 09340905891 अडवांस रिजल्ट फीस- Game Fib",0
भारत माता की जय 🚩🚩🚩 नमन 🙏🙏🙏,0
"ये मूर्ख """"""वसूल"""" पर कायम रहने की बात कर रहा है। उसूल भूल गया है।",1
"शाम की तरह थक कर ,ढल मत जाइए प्रभात किरणों ,की भांति निकलते रहिए रुक जाओगे ,कभी चल ना सकोगे यह जीवन है ,फिर कभी दौड़ न सकोगे। ।",0
"मां भारती की स्वतंत्रता के लिये अपना सर्वस्व न्यौछावर करने वाले, अमर शहीद , और को उनके बलिदान दिवस पर कोटि कोटि नमन। देश के लिये जीवन देकर उन्होंने जो उदाहरण रखा,वह हमेशा के लिये,एक आदर्श बनकर युवाओं को प्रेरणा देता रहेगा।",0
केजरीवाल सरकार द्वारा प्राइवेट शराब माफिया के हाथों में शराब बिक्री की बागडोर देना और हर वार्ड में शराब की दुकानों की संख्या बढ़ाना राजनीतिक फंडिंग का एक बड़ा प्लान है-प्रदेश अध्यक्ष श्री,1
जय श्री राम।,0
लेकिन अगर ताश के सारे पत्ते ही जोकर हो तो उस पूरी गड्डी को हो निकाल फेंकना चाहिए,0
"👉दो कौड़ी की सरकार और नेताओं की करतूतों और उनकी कार्यशैली ने प्रयागराज संगम नगरी को Center बना दिया है। घर से दूर बच्चे पढ़ने आते है,ताकि माँ-बाप का सहारा बन सके,लेकिन सरकार की Policy &amp; Corruption ने युवाओं को आत्महत्या करने पर मजबूर कर दिया है। 😭😥😥",1
भेजो पापा के पास। 🌲,0
भारत माता के वीर सपूतों को शत् शत् नमन् इंकलाब जिंदाबाद !,0
मध्यप्रदेश में भीषण सड़क हादसे में 13 लोगों की मौत की खबर बहुत दुखद है। ईश्वर से प्रार्थना है कि मृतकों के परिजनों को इस दुख को सहने की शक्ति प्रदान करें🙏🙏,0
जय श्री राम,0
"भारत के वीर सपूत आज़ादी के यज्ञ मैं स्वयं को आहूत करने वाले सुखदेव, भगत सिंह और राजगुरु को शहीदी दिवस पर विनम्र श्रद्धांजली शत शत प्रणाम, भारत माता की जय, राष्ट्र 🇮🇳 🙏",0
नारी तू प्रदर्शन की वस्तु तू उस देश में जन्मी है जहाँ नारी को देवी का दर्जा हासिल दायरे में रहकर अपने दैवीय सम्मान को कायम याद रख नाक कटने के बाद जो नारी फेमस होती है उनका श्री सीता के रूप में नहीँ सूर्पनखा के रूप में गायन होता है!,0
ये तो शहीद भगतसिंह का अपमान हैं 😔😔😔,0
अपनि अपनि इन्ट्रेस्ट कि बात है ! समझ लो ज्यादा बोलेतो फिर साइबर एक्ट लगेगा मेरेको !,0
": सांड़ ने बुजुर्ग को उठाकर पटका, हालत नाजुक",0
"वहाँ संविधान में शब्द "" Secular "" नहीं है वहाँ आस्तीन के सांप भी नहीं और ना ही वहाँ कांग्रेस है ये उसका सौभाग्य है अपने देश में मानवाधिकार, मानव को धिक्कारने के लिए है, यहाँ दहशतगर्द का अधिकार होता है पर सेना का नहीं , ऐसे बहुत से कारण है अपने देश में जिससे हम पिछड़े",0
क्या पलटू कुमार जितनी उत्सुकता से बकसूर बेरोजगार युवाओं पे लाठियां बरसवा रहे थे! उनकी औकाद है की शराब धंधेबाज और उनके सरकार में बैठे ६४ % दागियों पे करवाई करें। नीतीश कुमार पूरे भारत के पहले ऐसे सीएम है जो शराबियों और गुंडों को संरक्षण देते है।,1
एक तो पहले ही देश में रोजगार के अवसर कम है ऊपर से इस तरह छात्रों के साथ दुर्व्यवहार कर सरकार उनसे उनके रोजगार के अधिकार को भी छीन ना चाहते हैं!,0
पुरानीपेंशनबहाली हम 70 लाख पेंशन विहीनों का संकल्प है और संकल्प का कोई विकल्प नहीं होता!!,0
मुझे तुम जैसे चूतिए पर लानत है,1
आप कौन सा अच्छे लगते आये,0
इस एहसास को अपने दिल में ही मोहब्बत का इक समझ 🥀 🥀 🥀 🥀,0
जय हो सदा आपकी सरकार मेरे👑🙏,0
धन्यवाद !!,0
आपका चैनल बिकाऊ है जो चाहे उसे खरीद खरीद सकता है और न्यूज़ रिपोर्टर क्यों नहीं चोटिला हुए यह सब आपकी बहाना है आप सरकार के गोदी मीडिया हैं,1
चोर का बेटा nan मैट्रिक तेरे पर तो मुझे तरस आता है।बिहार के गवार लोग तुमको चाहता है।बुद्धिजीवी तेरे पूरे खंडन को जोकर समझता है।तू अपने A राय को तो इंसाफ दिला दे बेचारी के सारे सपने चकनाचूर हो गया।भारी जवानी में एक सुहागिन बिधवा की तरह जीने को बाध्य है।,1
भाई रिश्वतखोरी खोइब चल रही मेरे BHARAT महान में😏😏😏🤗🤗🤗 निकल जाये तो साली पूरी TRAIN गुजर है अगर अड़ गए कहावत सुनी है आटा गूंधधी हिलती क्यो है 🤣🤣🤣🤣 LIKE करने से पहले इस मुहाबरे का अर्थ जरूर लिख देना😎अगर न पता चले पूछ लेना🙏,0
और यही जवाब में आम जनता करती तो बोलते की राजद वाले गुंडा गर्दी करवा रहे है शर्म करो नीतीश कुमार या डूब मरो,1
यहां के निवासियों को शासन से ग्रामीण अंचलों के लिए दी जा रही सुविधाएं और विकास के कार्य नही हुए हैं। विकास कार्यो के लिए इन क्षेत्रों के लोगों द्वारा मंत्री श्री सिंह से मांग की गयी।,0
चोर चोर मौसेरे भाई,1
"बहुत शर्मनाक है दो विधायको को घसीटा जा रहा है, और एक विधायक को जूते से लात मारी जा रही है, आर जे डी के सभी विधायको को घसीटा जाना चाहिए और चूतड़ पे जूते मारने चाहिए।",1
42 हजार करोड़ रुपए की ठगी लाखों की जिन्दगी तबाह के पास नही है सुनवाई का समय तानाशाही अपने शबाब पर H,0
"प्रदीप भाई ने बंगाल में भाजपा को बहुमत दे दिया है लेकिन सिर्फ सामान्य बहुमत,कांटे की टक्कर मैं तृणमूल को बहुमत से बस 10-15 सीट कम दिखाया गया है मतलब की खेल खुला है और कुछ भी हो सकता है. 294 सीट है और 148 जीतने वाले की सरकार बनेगी",0
डीएम का नोटिफिकेशन आता है तो सोचता हु किसी क्यूट गर्ल का आया होगा फिर देखता हु जाके तो कोई लौंडा ट्वीट की लिंक पेला होता है😑😂😭,0
पंजाब 23 मार्च*किडनेप किया गया लड़का खुद घर पहुंचा,0
"बड़े तोंद वाले जवानों को कराया गया योग, योगाभ्यास से बड़े तोंद को किया जा सकता है कम- एमपी सिंह",0
लोक तंत्र बना लाठी तंत्र,0
डोगी बाबा बैठे बैठे यही सांप्रदायिकता फैलाते हो,0
सब बकवास् है2000 के नाम पर कार वालो को लूटना है चुनावी रैली पर लूट नही सिर्फ गाड़ी वालो ने कोरोना फैलाया है,0
मुद्दतों हमने ग़म उठाए हैं तब जाके अब मुस्कुराए हैं,0
"जब सचिन वाजे और परमवीर का ये घिनौना चेहरा सामने आ ही गया है, तो इनके द्वारा की गई पालघर संतों की हत्या, दिशा साल्यान, सुशांत राजपूत, TRP कांड जैसे मामले में उचित जांच हुई होगी ये कैसे मान लें? जी जी इन सभी मामलों की भी जांच केंद्रीय एजेंसी से दोबारा कराएं",1
खुलेआम गुंडागर्दी हुई है के प्रवक्ता के साथ / पुलिस गुंडों को अरेस्ट क्यों नहीं कर रही,0
आभार 🙏,0
कितना समझदार व्हायरस है सरकार चाहती एक्टीव्ह होता,0
आज भी कमीने गृहमंत्री की नालायकी के कारण हमारे सैनिक शहीद हुए हैं । इसका जिम्मेदार भारत का गृहमंत्री है। अमित शाह इस्तीफा दो ।,1
"यूपी की विपक्षी पार्टियां ---- सत्ता चाहिए संघर्ष नहीं,, बेसिक शिक्षा में काम कर रहे अनुदेशक शिक्षकों के मानदेय के बारे में कोर्ट लगातार सरकार को निर्देश दे रही है लेकिन विपक्ष की पार्टियां इसको मुद्दा तक नहीं बना पाई।",0
प्रभु श्रीराम बंगाल में छा रहें हैं ममता दादी अब घबरा रही हैं ।।,0
"नरेंद्र सिंह तोमर, को जरा भी नैतिकता है, तो अपने पद से इस्तीफा दे देना चाहिए। लेकिन बेशर्म हैं देंगे नहीं।",1
मोदी के विकास कि तरह नितिशवा के भी विकास पागल हो गया हैं । चुल्लू भर पानी मे डूब मरो नितिश कुमार,1
तो आजतक सरकार भी कोनसी सही चुनी है साहब!!!,0
"ममता के गुंडों को काबू में कर लीजिए , भाजपा बंगाल चुनाव जीत लेगी।🙏 ममता के गुंडों से बंगाल की जनता डरती है।इसलिए अपनी जान सलामती के लिए लोग वोट देने से डरते हैं।",1
"पिछले साल, जैसे थाली बजा कर कोरोना को रोका था, वैसे ही आज़ादी भी चरखे से ही आई थी।",0
विधायक जी जिनके खुद के घर काँच के हो वो दूसरों के घर पत्थर नहीं आपके सहयोग से बिहार में सुशासन बाबू की सरकार ने जो चुने हुए जनप्रतिनिधियों के साथ आज किया लोकतंत्र की हत्या को बढ़ावा देने जैसा बिहार के माननीय विधायक और पूर्व महिला मंत्री के साथ,0
इसके मुह से निकल रहे है जादो जी 🤣🤭,0
कैसे ये तस्वीर यादवो के मुँह पे तमाचा है । या उनकी अपनी व्यक्तिगत विचारधारा है न कि सम्पूर्ण जाति की विचारधारा ।,0
योगी जी इस व्यक्ति को कड़ी से कडी सजा करवाना हे मुंबई मालड मालवणी हसनं कोटि नाम हे यहा के mla का भी सपोर्ट हे इसे,0
4-इतने लचीले स्वभाव का है कि साबुन से धोने पर ही घुल जाता है और अपने प्राण न्योछावर कर देता है। 5-शर्मीला इतना ज़्यादा है कि पूरी उम्र जिस्म में छुपा हुआ बैठा रहेगा लेकिन किसी तरह की कोई तकलीफ़ नहीं देगा जब तक टेस्ट न करवाया जाए।,0
जिय हो भारत मां के लाल,0
और बचा हुआ काम ईवीएम भईया कर देंगे चुपके से। लोगो के दिमाग में already दलाल मीडिया ने भर दिया होगा की बीजेपी सरकार बन रही है। क्रोनोलॉजी समझ गए?,0
मध्य प्रदेश को फिर बलात्कार में अग्रणी कर दिया। क्यों भाजपा राज़ में ही अपराधियों के हौसले बुलंद हो जाते हैं।,1
कुर्सी कुमार पगला गया है।,1
सही है. डर नही रहा. 2014 - 2019 का कार्यकाल सबसे बेहतर था,0
शुभम जी आप तो बहुत एक्सपर्ट हो आपकी समझ की दाद देनी पड़ेगी। ऐसा लगता है आपने कहीं भीड़ एकत्रित करने का काम किया हो,0
गजब ! अभी तक पुलिस के कांड सुने थे ये है,0
मेरा तो नाम पप्पू है पर आप के सर नाम से गुलामी की बु आ रही है,0
मुसलमान 2 तो नही 🙏😂😂😂,1
लूट लिया जनता को,0
मंत्री जी यही तो नही ओ सकता बंगाल मे,0
रिजल्ट की तैयारी करो,0
न्याय मे विलंब भी एक अपराध INTERNATIONAL LTD/ ASTHA GOAT FARMING INDIA मे से संचालित कंपनी ने फर्जीवाडा के सवाल से आपको कितना घृणा जो मुझे ब्लॉक कर Cc,0
केंद्र में सत्ता परिवर्तन होते ही लोकतंत्र की हत्या करने वाले और संविधान का अपमान करने वाले नितीश को घसीट कर जेल में बंद कर दिया जाएगा,0
भाजपा की दंगाई मानसिकता को उखाड़ फेकों बंगाल 🙏,0
पुलिस बिल से संघ का क्या लेना देना?क्या पुलिस बिल मुसलमानों के खिलाफ है या इतिहास के भगवाकरण से इसका कोई संबंध है?क्या यह कानून केवल हिंदु तुष्टीकरण या मुसलमानों को दबाने को लेकर है? संघ तो न तीन में है और न तेरह मेंअपनी बौद्धिक क्षमता को थोड़ा,1
"मोदी जी आपने कहा था की vaccine केवल इंसानों के लिए है, लेकिन यह तो सूअर भी लगवा रहे है।।🥺",1
"कांग्रेस परजीवी बन गया है , बस झूठ फैलाओ , कांग्रेस का काम बन गया है ।",1
एक और अच्छी हिरेन हत्या की जांच अब ATS नही NIA करेगी : थाणे कोर्ट का फैसला उद्धव की ATS मनसुख मामले की जांच में सचिन सचिन बाजे को अपने कब्जे में लेनी चाहती थी वहीं कोर्ट ने पूरी जांच ही उनके कब्जे से वापस लेकर NIA को दे दिया वाजे और परमवीर ही नही अब कई नेता फंसेंगे,0
ना कोई एमएलए ना कोई चेयरमैन ना कोई मेंबर एक था गडरिया समाज गडरिया समाज का तो वह हाल कर दिया आपने धोबी का कुत्ता घर का ना घाट का पूछे कृष्ण कुमार बेदी जी से या तो वह झूठ बोल रहे हैं या आपके पास बात नहीं पहुंच रही,1
बोर्डर पर जबान जिंदाबाद देश का किसान जिंदाबाद परन्तु थू है नकली किसान और कांग्रेसी दलाल पर।जिस तरह कोट के उपर जनेऊ दिखाकर नकली हिन्दू बनने का ढोंग किया उसी तरह नकली किसान और दलालो का जमावड़ा लगा कर किसान के हमदर्द बनने का ढोंग कर रहा है।,1
"और सालो तुम लोग आश्रम में भेज देते हो,,, 100% गुफाओं की पैदावार हो😂😂😂😂😂",1
बीजेपी,0
जिस तरह से नीतीश बाबू बिहार को तालिबानी राज में भेज रहे है वो सबके लिए घातक है। ये सिर्फ अपनी कुर्सी के लिए बिहारी को बंधक बनाना चाहते है,0
"जब आम करदाता की मेहनत की कमाई इस प्रकार की वसूली और लूट में बर्बाद होती है, इसी वजह से आम करदाता स्वयं को ठगा महसूस करता है",0
कोर्ट मे मजबूत पैरवी करके ITI की भर्ती Adv 12/2019 पूरी करवाइए साहेबHSSC_12/2019,0
अभी भी अंडभक्तों को लगता है कोई उसे जीजा कहती है।,1
"216 सीट थी,तो रामसेतु काल्पनिक था! 44 पर आये तो पूजा करने लगे! कांग्रेसियों को 4 पर करके देखिये, ये ढ़ोंगी गला फाड़ के जयश्रीराम बोलते नजर आएंगे!!",0
Qwe13 हरियाणा की ईमानदार सरकार हमारी एक ही पुकार आईटीआई इंस्ट्रक्टर भर्ती जल्दी पूरी करे सरकार,0
कल बिहार विधानसभा में जो हुआ दुर्भाग्यपूर्ण था इस सरकारी गुंडागर्दी से आजादी लेनी है तो एक हो,0
😀😀😀 मेरी फोटो देखा करो,0
आज EVM की वजह से भारत कृषि प्रधान देश नहीं रहा है -: राम सुरेश वर्मा (राष्ट्रीय अध्यक्ष राष्ट्रीय किसान मोर्चा ),0
"INC घोटाले की सरकार था, और जन्म ताहा झूठा है।",1
पिछली बार लाल किला इस बार कित ने घुसेगा बकैतिए सरकार का बेरा नी जनता ते बैर ना करिए जो जनता बैरण होगी तो तशरीफ की सोचिए।,0
"मेरे मूर्ख दोस्त, जैसे कृष्ण और बलराम भाई थे,वैसे ही पाण्डु और ध्रतराष्ट्र भाई थे। पर थे तो कुरुवंशी ही। हम दुर्योधन के वंसज नही,अभिमन्यु के वंसज है,मतलब परीक्षित के।",1
"पहले कोई घुसाए तो, दलित को कौन पूछ रा आजकल",0
"एक पूर्व क्रिकेटर से ऐसे शब्दों की उम्मीद नहीं थी, चरखे की तुलना फांसी से हो ही नहीं सकती , तुम्हारी आपकी मोदी से नही हो सकती , राहुल की तुलना मोदी से हो ही नही सकती कारण सब अलग - अलग है, नेता से पहले आप एक देश के नागरिक , लाखों लोग अनुसरण करते है आपका , आप ही ऐसे ??",0
"""सत्यमेव जयते"" ""सत्यमेव जयते"" के सामने शर्मसार कर देने वाला सत्य।",0
"इस बार पिछवाड़ा भी तैयार रखना। आंसू भी इस बार असली बहेंगे। कोठियों, फार्म हाउस, पेट्रोल पंपों पर बुलडोजर चलेगा, सो अलग।",1
सडजी : मामला गड़बड़ है,0
ऐसी घटिया हरकत कोई रोड छाप ही कर सकता है,1
हिटलर ने आत्महत्या की थी सबको पता है।,0
बंगाल में भ्रष्टाचार का आरोप लगने वाले नेता राॅय अधिकारी सभी भाजपा में लेकिन इल्जाम ममता दीदी पर जिसने भ्रष्टाचारी को हटाया वो बेईमान जिसने भ्रष्टाचारी को अपनाया वो ईमानदार क्या बंगाल की जनता को गृहमंत्री और प्रधानमंत्री मुर्ख समझ रहे,1
"महान स्वतंत्र सेनानी गणेश शंकर विद्यार्थी जन्म 1890 प्रयागराज, वे एक बेहतरीन पत्रकार भी थे उन्होंने सत्याग्रह में भाग लिया और जेल गए कानपुर में दंगे होने के दौरान वे शांति कराने गए और 25मार्च 31 को मुसलमानों ने गोली मार दी पुण्यतिथि ✍️🚩",0
शुभरात्रि आपको सत्या जी 💐💐,0
कुछ मुट्ठी भर लोग निजी हित के लिए देश को बाँट रहे है और उस पर सीना जोड़ी हो रही है। कुछ चोर दूसरे को देशद्रोही और टुकड़े टुकड़े गैंग कहने से भी बाज नही आ रहे है। आपस में लड़ने से अच्छा है कि चोर को पकड़ो।,1
धूर्तोंचाव,1
"ये अच्छा है । ""केजरीवाल बेवड़ा बनाओ योजना"" 👏👏",1
"ममता बनर्जी पर बंगाल BJP अध्यक्ष का ताना, साड़ी की जगह बरमूडा पहनें। ऐसी घटिया सोच वाले लोगों को जनता क्यों वोट देती है।",1
"- महाराष्ट्र में 24 घंटे में मिले 41434 नए कोरोना केस, सबसे ज्यादा मुंबई में 20318 नए मामले, 9671 मरीज हुए डिस्चार्ज, कोरोना से 13 लोगों की मौत, राज्य में कुल एक्टिव केस का आंकड़ा 1,73,238",0
बिल्कुल 👌🏼,0
कोई लड़की कह दे प्यार से कि अपना ख्याल रखना 😍🙈 खुद को लिफाफे में बंद करके अलमारी में रख दूं 🙈😁,0
अमित शाह की कहाँ है?,0
"Akshara Singh पर चढ़ा फोटो क्लिक कराने का खुमार तो सड़क पर ही लेटकर दिया पोज, यूं खिंचवाई तस्वीर",1
जय माता दी जय माता,0
इंतज़ार कर लेती हूं फिर😒,0
जय श्री राम दीदी 🙏 जय हिन्द वन्देमातरम 🇮🇳,0
"वक्त तू जितना सता ले हमें लेकिन याद रख, किसी मोड़ पर तुझे भी बदलने पर मजबूर कर देंगे ।🙏🏻",0
भैया का रोना धोना अरे भैया आपने तो लैपटॉप और टेबलेट बांटे थे वो कहा गए 😀😀,0
मुझे नहीं पता इसलिए ही तो पूछा ।,0
आखिर डर भी कोई चीज है ।,0
जो भी हो पर दिल के बड़े साफ है तेजू भईया🙏,0
जय हो भोलेनाथ की।,0
।। जय श्रीराम ।। क्योंकि ये एक ऐसा कलंक है जो इनके माथे से कभी नहीं मिट सकता।।,1
जाया ना कर अपने अल्फाज हर किसी के लिए बस खामोश रह कर देख तुझे समझता कौन है,0
ॐ श्री अनंत हरि संवृतः,0
हरियाणा की राजनीति के कोहिनूर आदरणीय सांसद भाई को जन्मदिन की अग्रिम बधाई हम भगवान से प्रार्थना करते है कि यह सितारा ऐसे ही चमकता रहे व अपनी चमक से लोगों के अंधकार को दूर करता रहे जय भूपेंद्र जय दीपेन्द्र,0
🙏सुप्रभात🙏 🌹जय श्री राम🌹 ❤️आपका दिन मंगलमय हो❤️,0
जय श्री कृष्णा जी सुप्रभात 🌹☘🙏,0
और बात रही हमारी पंजाब पुलिस की आगे से कभी भी ये न कहना के पंजाब पुलिस फेल हो गई नही तो लेने के देने पड़ जाएंगे मोदी जी जहां हो वहीं रहो ये आपके लिए अच्छा होगा ☝️,1
मकर संक्रांति की आप सभी को ढेर सारी शुभकामनाएँ। भगवन सूर्य नारायण आपका जीवन रोशनी से भर दें। 🪁🪁🌞🌻💫,0
बिल्कुल सही कहा आपने आदरणीय जी जी जी,0
आजाइये 😁🤗,0
ॐ श्री गणेशाय नम: 🙏 शुभ प्रभात,0
जय श्री राम 🙏🚩,0
हां वही सही भी है,0
ट्वीट के कितने पैसे मिलते हैं ?,0
पंजाब में गोवा में यूपी में उत्तराखंड में चारो जगह बीजेपी की सरकार बनेगी ji लिखकर पर्स में रख लीजिए।,0
लगता है पंजाब भी अब कांग्रेस के हाथ से चला जाएगा,0
"देश भर में कोरोना वायरस हुआ बेकाबू, देश तीसरे सम्पूर्ण लॉकडाउन की तरफ बढ़ता हुआ",0
बहिष्कार करें,1
जन्मदिन की हार्दिक शुभकामनाएं बधाई भाई 💐💐🎂🎂🎂,0
दिन में 1बार उस इंसान से जरुर बात कर लेना चाहिए जो तुम से बात करने के लिए पूरा दिन इंतजार करता है,0
ऊं नमः शिवाय 🙏 शुभप्रभात नमस्कार,0
हम लिखते अपना आंदोलन आप पढेंगे ?,0
क्योंकि इसी बहाने लोग कम से कम घर से निकले ऑर अर्थव्यवस्था भी चलती क्योंकि कोविड लगभग ख़त्म हो गया है…🙏,0
पंजाब के ताजा घटना क्रम खतरे की घंटी हैं,0
यहाँ हिंदी में लिखने के भी ठिकाने नहीं है लेकिन ज्ञान पाली और संस्कृत पर देना है😂,1
यह बाते तो गलत होती है अगर हम गलत है तो मानना कत्बय है बरना सत्य से डरना चाहिए की जब वह फैसला करेगा तो बचाने वाला कोई नही होगा,0
भाई सहाब यह कोनसी भाषा है,0
हमारे परिवार में 15 वोट मौजूद है जो भी मदद करेगा उसी के पास है सब जाएंगे,0
जय श्री राम🙏,0
जय श्री राधे कृष्ण,0
आइये दोस्तों जुड़े योग से योग स्वस्थ जीवन का आधार सूर्य नमस्कार इसका सबसे बडा स्रोत है ।,0
गुरु गोविंद सिंह जी दे प्रकाश पर्व दी लख लख बधाइयां,0
मध्यप्रदेश की फिर से जाँच की जाये top पर आएगा,0
फर्क साफ है।,0
पाकिस्तान को आंख दिखाने वाला चीन का सपने में भी नाम नहीं लेता,0
ट्विटर पे एक्टिव हो तो 40Oफॉलोवर्स तुरंत पाए सिर्फ रीट्वीट करें रिट्वीट करने वालो को फॉलो करे 🙏🙏,0
"2070 शुद्ध-शून्य लक्ष्य के लिए, गैस बिक्री नेटवर्क स्थापित करने के लिए बोलियां आमंत्रित",0
अहो अहो जिन्दगी 😂,0
दर्द जब हद से बढ़ा तो आंखों से बह गया वो अपनी ही धुन में था जाने क्या-क्या कह गया। अलका श्रीवास्तव,0
माननीय प्रधानमंत्री जी झोला लेकर तैयार रहिए जनता आपको कह रही है कि वापस जाइए,0
अब तो पूरा दिन खराब निकलने वाला,0
साहेब को इन महान् विभूतियों को एक-एक ठो पद्मश्री (मरणोपरांत) तो दे ही देना चाहिए।,0
"बोहोत खामोश होकर तुझे देखता रहा, वो कहते है ना इबादत में बोला नहीं जाता🍁",0
फर्क साफ है,0
"सर को मुस्कुराने से परहेज करना चाहिए, मूछें सीधी हो जायेंगी फैसला लेने में दिक्कत होगी😁",0
जय श्रीराम🚩🙏 जय बजरंगबली🚩🙏 शुभ दिन 🌼🌷💐,0
"साजिश दिखाई पड़ती हैं,",0
रिस्तेदारो के नहीं पीते इंसान ढूंढो 🤭🤣,1
राम जी के तो के भक्त राम भक्त जो अपना सीना चीर कर राम जी की आस्था दिखा दे ऐसे हनुमान जी का आज दिन है सभी पर कृपा बरसाए आप सभी भक्तों की मनोकामना अवश्य पूरी करेंगे आपका दिन शुभ हो शुभ शनिवार जय हनुमान जी की जय हो राम जी की राधे राधे जय श्री कृष्णा जय श्री महाकाल,0
बहुत सही कहा आपने सर। मैंने तो अपने सर्विस पीरियड में पूरे समय यही किया।,0
अलवर की बेटी का साथ हुई दरिंदगी पर ख़ामोशी क्यों है . जी??,1
"वाह मेरे retire IPS ऑफ़िसर, मतलब रोड जाम कर दी, कुछ अता-पता नहीं क्या हो रहा था, जान बचाने की कोशिश हो रही थी, उस पर ये बोल रहा है उतर कर बात कर लेते…इतना बेफ़क़ूफ कोई इंसान कैसे हो सकता है…और जो चन्नी इन्हें अच्छा दिख रहा है ना इसके अते पत्ते नहीं थे कुछ दिन पहले की कौन है ये!",1
स्वामी मनमोहन मिश्र जी,0
"औद्योगिक उत्पादन की सुस्त रफ्तार तीसरे माह भी जारी, नवंबर में महज फीसदी बढ़ोतरी",0
तय आपको को करना है ।,1
सर यह संयोग है कि आज मेरा भी जन्मदिन है 12 जनवरी के इस दिन की आपको भी शुभकामनाएं🙏🙏🚩🚩🎈,0
"सब के दिलों का एहसास अलग होता है, इस दुनिया में सब का व्यवहार अलग होता है ! आँखें तो सब की एक जैसी ही होती हैं, पर सब के देखने का अंदाज़ अलग होता है ! !",0
शुभप्रभात एवं प्रणाम सर 🙏,0
जय श्री राम,0
जय श्री राम,0
हां ये 2014 से चल रहा होगा। काफ़ी तक़लीफ़ होती होगी समझ सकते हैं हम।,0
जो देश से प्यार करता है उसे अपने आप बीजेपी से प्यार हो जाता है।,0
उत्तराखण्ड में भारी हिमपात और कड़ाके की ठण्ड की चेतावनी,0
मकर सक्रांति की आप सभी को हार्दिक बधाई व शुभकामनाएं,0
सुप्रभात जी 🙏💐💐 जय महाकाल की बाबा महाकाल जी से मैं प्रार्थना करता हूं कि बाबा आपको शीघ्र स्वास्थ्य लाभ प्रदान,0
बहुत खूब 👌,0
जय श्री शनिदेव 🌹 जय श्री राम🙏🏼🌹🌹 जय महाबली हनुमान🙏🚩🚩 🙏🏼 🙏🏼,0
जय माता लक्ष्मी,0
इस ऐतिहासिक तस्वीर को देखकर आप अंदाजा लगा सकते हैं कि श्री लाल बहादुर शास्त्री को किसने मारा और किसे फायदा हुआ।,1
जय __श्रीराम💞🙏 🌸🌸सुप्रभात🌸🌸,0
"महाराष्ट्र से आई राहत की खबर, लगातार दूसरे दिन कोरोना पॉजिटिविटी रेट में गिरावट",0
ये मेहमान मरेगा कब,1
ट्विटर रोज चेक करते है तो मसाइल मिलते है कुरान रोज पढ़ो हल मिलेगा,0
"😁😁 ना-ना, कपैसिटी ठीक पर स्वाद भी चाहिए",0
मेरे पास एक्टिवा है जिससे अपने जरूरी काम करता हूं अब उस पर हेलमेट पहन के मास्क लगाता हूं तो मेरे चश्मे पर धुंध या भाप आ जाती है सांस लेने पर फिर मुझे कुछ दिखाई नहीं देता है कृपा मास्क या हेलमेट दोनों में से एक अनिवार्य करिए दोनों नहीं,0
क्या रहा है? अपने हीं लोगों से? पंजाब कैसे जीतोगे?,0
हार जीत जनता के वोट देने ना देने से ही होती है,0
जा उससे जा कर कह देना मैं ज़िंदा बच के आ गया हूँ ------------------------ जिसको डर लगता है वो पाकिस्तान चला जाए,1
जब तक ना पडे आशिक की अधूरा रहता 🚶‍♂️🏃‍♂️,0
बेबी की सुन्दर कल्पना,0
"श्रीमती प्रियंका गांधी Priyanka Gandhi Vadra जी को जन्मदिवस की हार्दिक शुभकामनाएं 🎂💐 ईश्वर आपको अच्छा स्वास्थ्य, दीर्घायु और कामयाबी की राह पर अग्रसर जी",0
आया आया आया छाया छाया छाया,0
भगत सिंह नगर मेन गेट,0
शुभ रात्रि बहना जी,0
सरकार की संवेदनशीलता बिल्कुल साफ है। इसलिए शिक्षको का कैशलेस किया साफ है। आने वाला वक्त करेगा इसका इंसाफ है।,0
सिख धर्म के दसवें गुरु श्री गुरु गोबिंद सिंह जी की जयंती पर हार्दिक शुभकामनाएं। श्री गुरु गोबिंद सिंह जी ने अपना संपूर्ण जीवन धार्मिक सिद्धांतों और मानवीय मूल्यों की रक्षा के लिए समर्पित किया।,0
New post: तारमिस्त्री परीक्षा 13 से 16 जनवरी तक होगी,0
सो गये,0
मैं सत्य का समर्थक हूँ। जनहित के कार्यों का समर्थक हूँ। जो अच्छा काम करे उसका समर्थन और जो जनविरोधी कार्य करे उसका आलोचक हूँ।,0
अगर जीवन में सदगुरु को पा लिया फिर कुछ भी पाने का बाकी नही रहता।,0
बहन आपको भी हार्दिक शुभकामनाएं,0
गौर से राहुल गांधी को निहारुगा 🤣🤣🤣,0
"जी, लड़के का टैलेंट देखो",0
इसके लिए ताऊ का तालिबान और पाकिस्तान उदाहरण स्वरूप हैं ही सामने!,1
मैनपुरी स्कूल का नाम रावत साहब के नाम पर होगा! — सरकार.,0
सादी का नुकसान बता रही हो या फायदा,0
"भटका हुआ नौजवान है! सिलाई मशीन और 10 लाख दे कर उसे एक मौका देना चाहिए सुधरने का प्लीज,संज्ञान ले और उस लड़के की उम्र को ध्यान में रखते हुए उसे अपनी गलती सुधारने का मौका दे!",0
अति उत्तम👏🏿 ईश्वर आपको शक्ति दे आप ऐसे ही कार्य करते,0
शुभरात्रि,0
कोई भी पल ?,0
प्रयागराज गंगा पार में निषादराज की पावन धरती श्रृंगवेरपुर में अपने दोस्तों के साथ,0
"पुराने नोट और सिक्के से बन सकते हैं अमीर, जानें कैसे",0
अपनी स्मार्टवॉच की बैटरी लाइफ़ बढ़ाने के लिए आप ये चीज़ें कर सकते हैं,0
"Corona Cases in India: Omicron ने पकड़ी रफ्तार, 1 दिन में मिले 58 हजार से ज्यादा केस, दिखें ये लक्षण तो तुरंत हो जाएं अलर्ट",0
"सैफई महोत्सव के ठुमकों से हुआ विकास कैसा रहेगा आपको? खुद को हिन्दू कहने के बाद आपको सबसे पहले चिंता अपनी आस्था की सुरक्षा की होनी चाहिए, क्यूंकि हिंदू जीवन आपके जीवन के हर पहलू को समाहित करता है। जहां से हिन्दू ख़तम हुआ वहां सत्यनाश ही हुआ आजतक।",1
हिंदुओं की एकजुटता ही भारत की सबसे बड़ी ताकत है और हम सभी हिंदू भाइयों को इस ताकत को बरकरार रखना चाहिए !!,0
जनता का जनादेश आ रहे अखिलेश।,0
"जैन भी संस्कृत/देवनागरी का ही प्रयोग करते है, जैन कोई भाषा नहीं है सिर्फ एक दर्शन है।",0
विदेशों में ज़्यादातर शादियाँ टिकटोक से ही हो रही हैं।,0
"मध्यप्रदेश में स्व-रोजगार क्रांति योजना के तहत प्रधानमंत्री मुद्रा योजना में 65,329 हितग्राहियों को शिवराज सरकार ने दिए 370 करोड़ रुपए। :- मुख्यमंत्री श्री जी",0
सुप्रभात मिश्रा जी🌹🙏🌹,0
गणपति बाप्पा मोरया🌹 मंगल मूर्ति मोरया 🙏,0
भगवान राम के नाम प्रॉपर्टी डीलिंग का काम हो या महराजगंज में स्वीकृत रेलवे लाइन को कैंसल करने का काम मोदी और योगी सरकार ने किया है। हैसियत तो जनता दिखाती है जनता को कम मत आंकिए। पूरे विश्व में अगर तैरती हुई लाशें किसीने देखी है तो वो UP कि जनता ने देखी है। देखिए,0
डबल इंजन की सरकार यानि सेवाभाव। डबल इंजन की सरकार यानि संकल्पों की सिद्धि। डबल इंजन की सरकार यानि समृद्धि की तरफ एकजुट प्रयास। - पीएम,0
जब आका ही बैलबुद्धि हो तो उसके चेलों से इससे ज़्यादा की उम्मीद भी क्या ही की जा सकती है,0
"🌺भक्त को परमात्मा पर विश्वास करके अपने जीवन के सफर पर चलना है। 🍁दीक्षा लेने के उपरांत भक्त के उपर भक्ति की राह मे कितना ही कष्ट आये, मन मे यही आये की परमात्मा जो करता है, भक्त के भले मे ही करता है 💫 - परमेश्वर कबीर साहेब जी 🙏🙇",0
बहुत खूब,0
ईश्वर से प्रार्थना है कि उनको शीघ्र स्वस्थ करें ओर फिर से हमारे बीच सक्रिय हों लेकिन जादुगर साहब के बहुत नजदीकी लोग बीते 3दिन से चर्चा कर रहे हैं कि उन्होंने नियुक्तियों में जादुगर की सहमति के बिना कूछ नाम जोड़े-काटे हैं इसलिए जादुगर साहब सख्त नाराज हैं और उन्हें शीघ्र हटवा देंगे,0
"अगर खुले और सिर्फ 3 इंची दिखा, तब भी hot बोलोगी !?????",1
"गरम पानी पिएं,खाना चबाकर खाएं! व्यायाम करे,अच्छी नींद ले! चुनाव के चक्कर में संबंध खराब ना करें! इस बार सपा ही जीतेगी!",0
सर इस महिला के खिलाफ कार्रवाई कीजिये तभी एक गरीब और कमजोर को न्याय मिलेगा अन्यथा गाड़ी वाले मनमाने करते रहेंगे,0
राजस्थान में तो धरनों के तंबू उखाड़ रहे हो,0
चलो भाई,0
खूब,0
"अखिल भारतीय विश्वकर्मा महासभा ट्रस्ट में राष्ट्रीय संगठन मंत्री एवं वरिष्ठ समाजसेवी प्रेमनारायण जी विश्वकर्मा का जन्मदिन उनके निवास पर सामाजिक बंधुओं के सानिध्य में शाल, श्रीफल, फूलमालाओं से स्वागत कर मनाया गया।",0
प्रदेश के डिप्टी सीएम के साथ 'मिला सबका साथ कितना हुआ विकास ? पर विशेष बातचीत में Watch :,0
शुभकामनाए,0
कृपया अपने जनपद के जिलाधिकारी या सम्बंधित एसडीएम से शिकायत करें,0
शुक्रिया भाई,0
पोंगल के इस पावन अवसर पर आपको और आपके परिवार को हार्दिक शुभकामनाएं ! ईश्वर का आशीर्वाद आप पर सदैव बना रहे ।,0
हार्दिक धन्यवाद सर,0
जिस भी स्टेट में इलेक्शन है वहां के सभी मुस्लिम भाइयों को एक बार इस वीडियो को देखकर सोचना चाहिए कि जब सारी राजनीति पार्टी उनका सपोर्ट नहीं कर रही थी तो अपने चंद्रशेखर भाई ने कंधे से कंधा मिलाकर सारे मुसलमान भाइयों का साथ दिया था CAA और NRC प्रोटेस्ट में,0
दैदिप्य खूप धन्यवाद,0
मोहन,0
पानीपुरी बनाने वालियों को🙏🙏🙏🙏🙏,0
खुले में घूमते नजर आएंगे जनता घर में दुबक जाएंगे माफिय जेल से निकाले जाएंगे भू-पतियों को जेल में डाले जाएंगे गरिबों को रोटी के लिए तरसताएंगे दिवारों से नोट निकाले जाएंगे जन्माष्टमी और कांवड़ यात्रा रोके जाएंगे हर किसी से नमाज पढ़ावाएंगे फिर भी योगी आएंगे,1
जय श्री राम अब बाह्मण नहीं फुटिह। अब बाह्मण योगी के साथ बोलिए जय श्री राम कहिए।,0
"""स्वामी प्रसाद मौर्या का वही हाल होना है जो बिहार में उपेंद्र कुशवाहा का हुआ था"" न घर का न घाट का",1
डीएम और एसपी ने किया चुनाव की तैयारीयों के लेकर गोष्ठी -,0
फर्स्टवेव में लॉकडाउन के दौरान कुछ राज्यों ने हमारे श्रमिकों व कामगारों के साथ दुर्व्यवहार किया था। उनकी बिजली-पानी के कनेक्शन कटवा दिए व प्रताड़ित कर पलायन के लिए मजबूर किया। हमने बस-ट्रेन से उनको गंतव्य तक पहुंचाया था: श्री जी …,0
"मोदी सरकार श्रमिकों के कल्याण के लिए प्रतिबद्ध है। ई-श्रम पोर्टल पर करोड़ से अधिक श्रमिक पंजीकरण करा चुके हैं, जिसमें से महिला श्रमिक हैं।",0
डूबता पंजाब,1
मामा जी पुलिस का एग्जाम cancel करो । ओमिक्रोन एक विकट रूप धारण कर रहा है। बच्चो की जिंदगी के साथ खिलवाड़ न करे । एग्जाम डेट increas कर दीजिए। पेपर बाद मैं हो सकते हैं । पर नया जीवन नही मिल सकता । हालांकि मैं पुलिस aspirent नही हु।,0
प्यारी छुचि है,1
बदलाव की आंधी है। झूठी सरकार जानी है।,1
"बहुत मज़बूत रिश्ते थे, बहोत कमजोर लोगों",0
स्वामी मौर्य जी ने 'स्टूल' पर बैठने से इनकार कर दिया है। मुझे पता है कि आप भी बहुत तकलीफ में जी रहे हैं। अभी वक़्त है। स्टूल त्याग दीजिए सर।,0
आज जबलपुर में मिले कोरोना के 23 नए मरीज,0
बहुत बहुत बधाई हो भाई,0
सभी मेडिकल फिट को ज्वाइनिंग दिया जाय,0
ड्रामा करने की बचपन की आदत हैं सिक्योरिटी में चूक इसी का परिणाम हो सकता है😜😂,0
बस अब रोना ही बाकी है यह भी किसी समय हो सकता हाँ रोयेगा टीवी पर ही.,0
जनता को केवल अपने जुमले में फेकू ने फंसाया है!,1
जो भारत में अपने को असुरक्षित महसूस करते हो वो इमरान खान के साथ बिरयानी खाने जा सकते हैं। पासपोर्ट के लिए सुधीर तिहाड़ी से सम्पर्क करें।,1
"आपकी क्षमताएं विलग है सज्जन जी, आप अपनी क्षमताओं के माध्यम से राजनीति में एक अलग बदलाव जनता के लिए कार्य करने की दृढ़ इच्छाशक्ति जगा सकते हैं इन नेताओं में।विद्यार्थियों के लिए आपके सेवा भावी कार्यों को बड़े नजदीक से देखा है।आपकी ये क्षमताएं जनता के लिए निकट भविष्य में काम आएंगी।",0
अभिनंदन काका!,0
"इमरान मसूद कांग्रेस छोड़ सपा में हुए शामिल, पीएम मोदी को लेकर दिया था विवादित बयान ॥",0
वाह,0
कोच्चि : केंद्र ने कोच्चि-मंगलुरु औद्योगिक गलियारा स्थापित करने के प्रस्ताव को ठुकराया | तिरुवनंतपुरम समाचार,0
"ईशान के हैडर से जमशेदपुर ने ईस्ट बंगाल को हराया, तालिका में शीर्ष पर पहुंचा",0
"⚠️⚠️⚠️⚠️⚠️⚠️⚠️⚠️ 24 घंटे में कोरोना के 2,64,202 नए मामले दर्ज हई। पिछले 24 घंटे में कोरोना से 313 लोगों की मौत हुई। ओमिक्रॉन के मामले बढ़कर के 5,753 हो गए हैं।",0
आपके मित्र कहां है आजकल इटली तो नहीं चले गए,0
ग्रेविटी की खोज न्यूटन ने नहीं भास्कराचार्य ने की थी। वो न्यूटन से 500 साल पहले थे। सिद्धांत शिरोमणि पढ़ीये या गूगल कर लीजिए,0
बहुत अच्छा है जी🙏🙏🙏🙏🙏🙏🙏,0
अपना हाथी,0
नंबर बढ़ जाएंगे 10,0
व्यापाम अन्य परीक्षा एजेंसी का द्वारा आयोजित परीक्षा और हाट बाजार की स्थिति बताए सर जी,0
"आपका आभार, धन्यवाद",0
आज कल नए-नए तरीके निकाल रहे हो गुमराह करने के 😁😁😁,0
बेहद ही निदंनीय। यह अमानवीय व्यवहार कहाँ तक उचित है?????? से बात हुई है। शीग्रह ही इस पर कार्यवाही हो और पीड़ित को न्याय मिले।,0
दद्दा की खरी बात 👌🏼👌🏼,0
फालो करके अनफालो भी आप बहुत जल्दी करते है,0
अखिलेश जी आ रहे हैं लैपटॉप ला रहे हैं। अखिलेश जी आ रहे हैं 300 यूनिट फ्री बिजली ला रहे हैं। अखिलेश जी आ रहे हैं समाजवादी पेंशन ला रहे हैं अखिलेश जी आ रहे हैं मुफ़्त सिचाईं ला रहे हैं।,0
"Ncte के गाइडलाइन के हिसाब से शिक्षक पात्रता परीक्षा का क्वालीफाइंग मार्क्स 60%, और 55% होता है ताकि कम से कम 60% भी ठीक पढ़ा सके।",0
कन्याओं से दिलवाओ एक मे भी काम चला लेंगे😆,0
पवित्र पुस्तक,0
पवित्र पुस्तक,0
प्रकरण के सम्बन्ध में थाना पुलिस द्वारा घटना को संज्ञान में लेते हुए आवश्यक कार्यवाही की जा रही है।,0
मैं हरिशंकर मिश्रा पुत्र रामनारायण मिश्रा गाँव पूरे बेनी राम भावन पुर थाना जेठ वारा जिला प्रतापगढ़ उत्तर प्रदेश मोबाइल नम्बर 9415628362 बीजेपी का कार्यकर्ता हू. बीजेपी की नीतियों कार्यक्रमों और उपलब्धियों को ज़न ज़न तक पहुँचाता हू. केवल बीजेपी ही देश हित की बात करती है.,0
यूपी इनके पिताजी का है ना जो छुड़वा देंगे,0
असल में कुछ लोग अपनी गलती नहीं मानते और दूसरे को नीचा दिखाने में लगे रहते हैं और जब कोई अपना पराया सोचे बगैर सच का साथ दें तो नाराज होते हैं !,0
क्या बात है सोनू भैया 👌,0
"करना एक ओर इशारा कर रहा है की इस बार आने वाले चुनाव मे जी, अध्यक्ष जी तथा आप जैसे अन्य कांग्रेस के सम्मानित लीडर व कार्यकर्ताओ कि मेहनत और जनता के समर्थन से दिल्ली चुनाव मे 250+ से अधिक सीटो पर काँग्रेस विजय प्राप्त करेगी🙏🏽",0
"फिर अंडों से चूजे निकलेंगे, वो बड़े हो कर अंडे देंगे और फिर उन अंडों से और भी चूजे निकलेंगे। इस तरह हम दुनिया के सबसे बड़े मुर्गी फार्म के मालिक बन जाएंगे।",0
"विदेशी सोच और व्यक्ति कभी देश के बारे में सोच ही नहीं सकते। 1. शास्त्री जी की हत्या से फायदा मिला इंदिरा को। 2. इंदिरा की हत्या से पीएम कोई और बनना चाहता था लेकिन बने राजीव। 3. राजीव की हत्या से पीएम भी न बन सके विदेशी मुद्दा आड़े आ गया। 4. कांग्रेस के टुकड़े हो गए शरद पवार,ममता",0
ये PM श्री जी का नया भारत है!:,0
"बाबा तों गयो, 😄",0
उत्तर प्रदेश के मथुरा में गांजा तस्करी करने वाले गिरोह का 251 किलो गांजे के साथ गुलजार मोहम्मद गिरफ्तार।,0
ब्रह्मोस मिसाइल के आधुनिक संस्करण का सफल परीक्षण,0
यूपी के 3 करोड़ ब्राम्हण 4 हफ्ते ईमानदारी से चिंतन कर लें तो आने वाले 5 साल सम्मान पर भी कोई ठेस न पहुंचा पायेगा 🙏🙏 जय हो,0
।।जय श्रीराम ।।🙏🏼,0
🙏 जानकारी नही है ✨सनातन महायोद्धा को नमन🙏🙏🚩,0
शुक्रिया ! इनायत 🌸,0
"गत 1000 वर्षों से, सत्य सनातन वैदिक हिन्दू धर्म समाज राष्ट्र संस्कार सभ्यता संस्कृति और हिन्दुत्व, विधर्मी आसुरी शक्तियों का दंश झेल रहा है, अब समय आ गया है, विधर्मीयों का संगठित हो कर तीव्र प्रतिकार करने का, अपनी धार्मिक मान्यताओं प्रतिस्थापित करने का, और अधर्म का नाश करने का,",1
"अतरंगी रे फिल्म के गाने पर बच्ची का जबरदस्त डांस वायरल, खुद सारा ने की तारीफ",0
राजपूत सम्राट जी की,0
"कॉल आएगा और ठग पूछेगी , क्या आपको दोनों वैक्सीन लग चुकी हैं? आप कहेंगे- yes ठग-आपको बूस्टर डोज लगना है, मैं रजिस्ट्रेशन कर रही हूँ, OTP आएगा, उसे बता दीजिए। आपके OTP बताते ही आपके अकाउंट से पैसे साफ हो सकते हैं। इस काम के लिए लड़किया रखी गई है,Simp न बने",0
गोविन्द🙏🙏🙏,0
खालिस्तानियों को इसलिए उठाया जा रहा है ताकि आतंकवादियों की पहचान में बदलाव आ सके।,1
"Somy Ali ने Salman Khan के पेरेंट्स को लेकर किया चौंकाने वाला खुलासा, बताया किस वजह से हुआ था ब्रेकअप",0
", यूपी का अपना इतिहास है, लगातार कोई भी दो बार मुख्यमंत्री नही बना, पक्का समझो, योगी तो गियो.",0
"पीरागढ़ी चौक पे बहुत ट्रैफिक जाम है, बहदुरगढ़ से पंजाबी बाग के रास्ते में,",0
"""टोंटी"" और ""हाथ"" जिस काम आता है 10 मार्च के बाद भी उसी काम के लिए काम आएगा 🚩",0
गोरखपुर के मठ में,0
राजस्थान में न्याय का शासन।,0
"यक्ष पश्न है, साजिश कि बू आ रही है",1
♥️♥️♥️ भैया,0
"इंद्रा गांधी समझने की भूल न करना श्री नरेंद्र दामोदर दास मोदी नाम है, लिखने को कागज और पढ़ने को इतिहास नहीं मिलेगा ! कांग्रेस पार्टी होश में आओ",1
लाहौर वाया कुवैत 😷,0
मान्यवर प्रधानमंत्री जी के काफिले को रोकने में लिप्त होकर पंजाब की चन्नी सरकार ने आपराधिक कृत्य किया है।,1
बेहद उम्दा 👌👌,0
"ये विरोधी पार्टी वालों का बार बार टीवी पर, कई चैनलों पर दिखाना ही नहीं चाहिए ।अमेरिका, कनाडा में, अपोजीशन का बार बार नहीं दिखाते हैं",0
अच्छी हो आप 😝😊😊😊,0
"मैं, वास्तव में, Boss Meter Ka राजा हूँ, क्योंकि मैं स्वयं Usper शासन करना जानता हूँ 75",0
इस महाशय ने न जाने कितनों को संक्रमित किया होगा; और ऐसे महान नेतागण हर रोज इसी तरह जनता को इस त्रासदी का तोहफा दिए जा रहे हैं!,1
नाही,0
योगी जी का शासन काल रामराज की याद दिलाता है और बहुत ही शानदार रहा फिर हम 300 पार करके भाजपा को सत्ता में ला रहे हैं,0
आ नहीं रही बल्कि की जा रही है और देश से खत्म भी हो रही है कांग्रेस पार्टी जो देश लिए सही है,0
हां सही है कांग्रेस नेता का बयान तो पढ़ लो 😂😂😂 लड़किया कोरोना से नहीं प्रियंका गाँधी के कारण घायल हुई और कांग्रेस के लोग भोकते है की वैष्णो देवी मे हो सकता है तो यहाँ क्यों नहीं बेवकूफ,1
": पवित्र पुस्तक पवित्र कुरान शरीफ में किस खुदा की इबादत करने के विषय में कहा गया है ? पवित्र पुस्तक ""मुसलमान नहीं समझे ज्ञान कुरान"" की PDF डाउनलोड करने के लिए QR Code Scan करें।",0
वो तो पहले से ही भाजपा में है।,0
"जो आज तक ईसा को सूली से नहीं उतार पाते,ऐसा जादू किस काम का?पहले अपना पागलपन दूर करो मूर्खों?",1
"ये लड़ाई सच में 80 vs 20 का है, इस बार यूपी के 80% युवा, महिला, बुजुर्ग, हिन्दू मुस्लिम सिख ईसाई, बंचित, अगड़े पिछ्ड़े, दलित सभी मिलकर को फिर से घर बिठाने वाले हैं। ये चुनाव उत्तरप्रदेश और देश को नई दिशा देगा और भाजपा के कुशासन से मुक्त होगा",0
खुजली वाले कुकुर सिर्फ गाडी ही रोक सकते है विजयरथ नही ।,1
किसानो के हल के पीछे और बहन बेटियो के पल्लू के पीछे छुपकर लडिए लड़की हूं लड सकती जो स्लोगन कांग्रेस दिए जा रही है कहना क्या चाहती हो?किसके खिलाफ लडना हैअंग्रेजो के खिलाफ की आक्रांताओ के खिलाफ।लगता है ब्रदर सिस्टर मोदी को मोहरा बना सिखो से पुराना हिसाब चुकता करने के चक्कर मे है।,0
"योगेश सर इस भाई ने बात तो पते की करी है| वैसे मैं व्यक्तिगत रूप से नरसिम्हानन्द जैसों को संत नहीं मानता,संतों को काम समाज को जोड़ना होता है तोड़ना नहीं,खैर अब आप इन जैसों को संत और अपना आदर्श मानने लगे हैं तो अब क्या कहा जा सकता है|आप भी कुछ दान दीजिये उसको काम आयेगा केस लड़ने के",0
"1 साल पहले ही पीएम के खिलाफ 'प्लान'? हो गई थी रेकी, लीक हो गया था रूट? ड्रोन या टेलिस्कोप गन से अचूक निशान? राष्ट्रद्रोह का 'ऑपरेशन 365' राष्ट्रवाद - रात 8:57 बजे सिर्फ ZEE Hindustan पर Shalini Kapoor Tiwari के साथ",0
योगी जी जिंदाबाद,0
"अब पता चला कि 16 आना कभी नही बन सकता, रहेगा तो चवन्नी ही।",0
अब कितनी ओवरएक्टिंग करोगी मैडम 🤦,0
पवित्र कुरान शरीफ में किस अल्लाह की पाकी बयान करने को कहा गया है जरूर करें पुस्तक डाउनलोड मुसलमान नहीं समझे कुरान,0
"हजरत  मोहम्मद जी को जिंदा बाबा के रूप में जो अल्लाह, पाक खुदा मिला, वह कौन है? पवित्र  पुस्तक ""मुसलमान नहीं समझे ज्ञान कुरान"" की PDF डाउनलोड करने के लिए QR Code Scan करें।",0
"खातून ट्रिपल तलाक चार शादी हलाला , खातून का दिमाग मर्द से आधा होता है किसने कहा था बताओ",1
आदित्यनाथ accidental योगी और भोगी हैं – कांग्रेस खुद को Accidental हिन्दू कहने वाले भोगी नेहरू के वंशज एक योगी को कहां समझ पायेंगे,1
यह भी उस कौवे के क्लब के ही लगते हैं रेडी लग रहे हैं😀😀😀😀,0
आँतकवाद फैलाना गाधीँ परिवार की देन है,1
"ये सही बोले महाविनाश आघाडी सरकार के मुखिया, लोकडाऊन के नाम पर हम जनता को बर्बाद करने वाली तानाशाह सरकार को हम अगले चुनाव में सबक सिखाएंगे",1
"क्या हजरत मोहम्मद जी ने मांस खाने के लिए बोला है ? पवित्र पुस्तक ""मुसलमान नहीं समझे ज्ञान कुरान"" की PDF डाउनलोड करने के लिए QR Code Scan करें। पवित्र पुस्तक",0
सबसे घटिया आयोग न रिजल्ट देना है न वेकैंसी देनी है कोई। रिजल्ट दो रिजल्ट दो,0
ग्रेट नाना,0
"झारखंड में एक मुस्लिम को थूक चटवाया इस बारे में आप क्या बोलते है ,?!?!??",1
राजनीति एक तरफ देश के प्रधानमंत्री के साथ साजिश देश बर्दाश्त नहीं करेगा,1
"कोई दंगे नही, कोई कब्रिस्तान नही, जिसने की अराजकता उसकी खैर नही, बुलडोजर से परहेज नही, चुनाव देखकर मंदिर मे कोई पाखंड नही, और अंत मे यूपी मे जैसा UPयोगी कोई नही",0
"आदिवासी हिन्दू नही है,कल ही क्लियर किया। मध्यप्रदेश में ""आदिवासी"" सत्ता के बनने बिगड़ने में बहुत बड़ा फैक्टर है। उभरते सांसद डामोर भ्रस्टाचार में उलझ गए।",1
भारत का बच्चा-बच्चा मोदी जी के साथ खड़ा है। प्रधानमंत्री की सुरक्षा में बड़ी चूक देश बर्दाश्त नहीं करेगा ।पंजाब सरकार को इसका जवाब देना पड़ेगा। मुख्यमंत्री चन्नी जी को जवाब देना होगा Shame on CM Shri Channi,1
ओवैसी बोला- …,0
चवन्नी मॉडल= पंजाब मॉडल,1
बसपा मे ही जायगा,0
"UP चुनाव में हिंदुत्व के नाम पर जो वोट मांग रहें हैं, ये उस वक़्त कँहा थे जब हिंदुओं की लाशों को लकड़ी भी नसीब नहीं थी कोरोना से पूरी गंगा मैया हिंदुओं को लाशों से पट गयी थी।",1
"नेही चाहिये, मरने दो पंजाब को। थू",1
तो क्या आपको cm कुर्सी पर बैठ चाट खाना है,1
कितना कूट बच्चा है,0
"छोटे दलों के सहारे विधानसभा में पहुंचने की फिराक में हैं कई बाहुबली, पहले भी सरकार के रह चुके हैं खास",1
😅भौजी को बूलाउंगा चाय पिलाने,0
जो हजार पांच सौ के नोट को एक पल में रद्दी बना सकता है उसके लिए चवन्नी अठन्नी क्या चीज है ।,0
समाजवादी पार्टी से टिकट किसे मिला है यह मत सोचना हर सीट से समाजवाद का गुंडा खड़ा है यह सोचना 😎,1
सुरमा बरेली वाला फेमस है पर बहुत कम लोग जानते है की असली सुरमे में महीन कांच पीसकर डाला जाता है ..,0
कवि महोदय ने तो केजरीवाल सरकार को पूरा नंगा कर दिया 😆,1
"वो भी तो शामिल होगा ना इस खेल में, अगर सरकार बर्खास्त नही होती तो कम से कम उस चवन्नी का इस्तीफा तो होना ही चाहिए वरना निंदा करके बीजेपी वाले खुद का ही मजाक बनाएंगे",1
योगी जी के मंत्रिमंडल में कुछ आस्तीन के सांप थे जो अपना रंग दिखा रहे हैं,1
तो स्वदेशी चन्नी के लिए भी तू चलेगा?,1
"कॉंग्रेस की सरकारों ने 54 वर्ष के शाशन में 337,239 km² जमीन देश मे जोड़ी। इसमें भाजपा का योगदान? कुछ नही। जिन्होंने इस देश मे एक इंच की जमीन नही जोड़ी और अंग्रेज़ो के जूते चाटते रहे, वे औकात में रहे।",1
3500 करोड़ की जगह केजरीवाल 35000 कि कमाई का जुगाड़ कर लिया है।,1
ऐ काम तो जिन कबूतरा के कबूतरी होव बे करे🤣,1
जिसके हाथ में देश सारी सुरक्षा एजेंसी हो वो कहता है मैं जान बचा कर वापस आया. इसे शर्म भी नहीं आती भारत की सुरक्षा एजेंसियां पर सवाल करने में.,1
कांग्रेस की भाषा शैली पर आप लोगों को कुछ कहना ✍️🙏,0
बस ये वाला नशा करो तुम लोग 😂🤣🤣🤣,1
"Stop Drinking Alcohol 🌬️नशा चाहे शराब, सुल्फा, अफीम, हिरोईन आदि-आदि किसी का भी करते हो, यह आपका सर्वनाश का कारण बनेगा। इस का किसी भी शास्त्र में उल्लेख नहीं कि नशा करें। यह मानव समाज को बर्बाद कर रहा है। 📚जीने_की_राह",0
जिसके साथ महादेव हो कोई उसका कुछ नहीं बिगाड़ सकता है । लेकिन कोंग्रेसियो ने अपनी औकात दिखाने मे कोई कसर नहीं छोड़ी । मे थूकता हु इन कोंग्रेसियो के मुह पर जिन्होंने सब चाल चली,1
बीजेपी के राष्ट्रीय प्रवक्ता ने कहा कि सिद्धू और चन्नी ने मिलकर पंजाब को ठगा है राहुल गांधी चाहते है कि बाजवा को गले लगाने वाले सिद्धू CM बने,1
रियाक को मुर्दाघर के अंदर जाने की इजाजत किसने दी? वह वहाँ 45 मिनट के लिए क्या कर रही थी? Probe RheaPithani 4 SSR Case,1
"जब औरंगजेब भारत के सभी हिंदू मंदिरों को लूट रहा था, श्रीनाथजी श्रीजी बावा के मंदिर (नाथद्वारा) को लूटने आया था और मंदिर में प्रवेश करते ही वे अंधे हो गए थे इसलिए उन्होंने श्रीजी बावा से माफी मांगी और अपनी दाढ़ी से मंदिर की सफाई की, तब से ये परम्परा आजतक निभाई जाती है।",0
"📗सूरत फुरकान आयत नंबर 52 से 59 तक किस बाखबर के विषय में बोला गया है ? पवित्र पुस्तक ""मुसलमान नहीं समझे ज्ञान कुरान"" की PDF डाउनलोड करने के लिए QR Code Scan करें। पवित्र पुस्तक",0
गुडनाईट🙏💫,0
"धर्म का चोला ओढ़े ये आतंकी खुद आतंक को बढ़ावा दे रहा है। ऐसे ही तुक्ष मानसिकता वाले भगवा आतंकी सारे भगवा धारी को बदनाम करने पर तुले हुए है, जैसे आतंक का नाम लेकर पूरे मुस्लिम समाज को टारगेट किया जाता है। ऐसे से भारतीय समाज को खतरा है।",1
यु थ्री 😜,0
सबको क्यों नहीं कीर समाज में आप अरबपति हो गए लेकिन कीर समाज में कुछ लोग गरीब है वैसे ही बनिया बामन राजपूत उन लोगों का क्या होगा उनको जहर की पुड़िया दे दो आदरणीय जातिवादी राजनीति बंद करें हिंदू एक समान रोजगार पाना सबका अधिकार,1
"📗कुरान का इल्म बोलने वाला कौन है? पवित्र पुस्तक ""मुसलमान नहीं समझे ज्ञान कुरान"" की PDF डाउनलोड करने के लिए QR Code Scan करें। पवित्र पुस्तक",0
"📗कुरान का इल्म बोलने वाला कौन है? पवित्र पुस्तक ""मुसलमान नहीं समझे ज्ञान कुरान"" की PDF डाउनलोड करने के लिए QR Code Scan करें। पवित्र पुस्तक",0
उफ मेरे पीएम की इतनी बेइज्जती मेरा वीजा पासपोर्ट जॉब दुबई में लगवा दो मुझे नही रहना इस देश में😂,1
पहले ही बोला था न खाउगा न खाने दूँगा । अगर वो सापी थी तो आच्छा हुआ पकडा गया अगर वो भाज्पाई था तो बहुत अच्छा हुआ पकड़ा गया।,0
तेरा पीछाना छोड़ेंगे हम I कोरोना उवाच I😂🤣,1
कल तक ये नागिन बोल रही थी के ये मुस्लिम ने ही किया होगा इसलिये पुलिस नाम नही बता रही अब अब इसके अपने रिश्तेदार निकल आये तो अब इसको रहम चहीये सबसे पहले इसको डालो अंदर इन जैसी नागिनो के जहरिले ट्वीट पढ पढ कर ही ऐसे terrorist तयार होते है,1
सबका मालिक रॉकी चाइल्ड के इशारे पर अपना अपना काम कर रहे है सभी पार्टी और नेता और भेड़े बेवजह देवदास बनी धूम रही है झुंड में😂,0
पंजाब के किसानों को भस्म करने की तैयारी चल रही है ? रहम करो सरकार वो भी आपके जैसे अंधभक्त तो नहीं लेकिन मनुष्य है ।,1
चलो खैर वामपंथी मानते तो है कि मुस्लिम दंगाई होते है,1
"हज़रत मुहम्मद जी ने गोश्त (मांस) खाने के लिए कभी नहीं बोला , फिर भी मुसलमान भाई मांस क्यों खाते हैं? पवित्र पुस्तक ""मुसलमान नहीं समझे ज्ञान कुरान"" की PDF डाउनलोड करने के लिए QR Code Scan करें।",0
"हज़रत मुहम्मद जी ने गोश्त (मांस) खाने के लिए कभी नहीं बोला , फिर भी मुसलमान भाई मांस क्यों खाते हैं? पवित्र पुस्तक ""मुसलमान नहीं समझे ज्ञान कुरान"" की PDF डाउनलोड करने के लिए QR Code Scan करें। पवित्र पुस्तक",0
"जो व्यक्ति अन्य स्त्री से अवैध सम्बन्ध बनाता है, वह 70 जन्म अंधा होता है। शराबी सत्तर जन्म तक कुत्ते के जन्म पाता है। - संत रामपाल जी महाराज",1
जैसे शादियों मे फुफाजी के नाराज होने से ना ही किसी को कोई फर्क पड़ता है और ना ही शादी रुकती है वैसे ही UP मे भाजपा / योगीजी को ऐसे कुछ लोगो के नाराज होने से कोई फर्क नहीं पड़ने वाला। किन्तु हाँ मीडिया और विपक्ष को मसाला जरूर मिल गया है।,0
बेहद शर्मनाक करतूत हैं कठोर कार्यवाही होना चाहिए ऐसे नर पिशाचों पर,1
हां कमजोर नहीं है तो चीन के खिलाफ एक शब्द क्यों नहीं बोलते क्यों डरते हैं चीन के खिलाफ बोलते हुए थरथर कांपते हैं फिर भी कहते हैं कमजोर नहीं है अब तक के सबसे कमजोर और कायर प्रधानमंत्री भारत के इतिहास के,1
तिहाडी जब मोदी को पता चला भाषण सिर्फ खाली कुर्सियों को देना है तो रास्ते यू Turn लिए 😂😂😂😂,1
"सिर्फ दिल्ली नही उसने हरियाणा, और UP में करवा दिया। पंजाब ने भी announce तो किया पर करेगा केजरीवाल ही।",0
"✍🏻 जय जिनेन्द्र सुविचार सुप्रभात *कमाई की कोई निश्चित *परिभाषा* नहीं होती, *परवाह* करने वाला *दोस्त* *दर्द* समझने वाला *पड़ोसी* और *इज्जत* करने वाले *रिश्तेदार* यह सब *कमाई* के ही रूप",0
"इसका कोई जवाब नही क्योंकि पप्पू can't dance sala राहुल ब्राह्मण कैसे बने,इसका जवाब शायद किसी के पास नही!!",1
लाशों पर फ़लता-फ़ूलता व्यापार चाहिए क़फ़न बेचता हूँ ख़रीददार चाहिए चाहिए चंद बिकाऊ मीडिया हाउस कुछ बिके हुए पत्रकार चाहिए झूठ कोभी आँखें मूँद सच मानलें कुछ अंधे भक्त वफ़ादार चाहिए देश की संपदा की लगा सकेंबोली कुछ ऐसे व्यापारी दोस्त तैयार चाहिए हमसे करेगा कौन अस्पताल कीबात 1,1
आज पंजाब पर टोंटियां चोर का कोई बयान आया क्या ??? आया हो तो कृपया बताना।,1
रोक सके तो रोक ले पर हमे मतलब देश की जनता को पप्पू तो बिल्कुल नहीं चाहिए और मोदी आएगा डंके की चोट आएगा Dur fitte muh tere,1
"हज़रत मुहम्मद जी  ने गोश्त (मांस) खाने के लिए कभी नहीं बोला ,  फिर भी मुसलमान भाई मांस क्यों खाते हैं? पवित्र  पुस्तक ""मुसलमान नहीं समझे ज्ञान कुरान"" की PDF डाउनलोड करने के लिए QR Code Scan करें। Watch Sadhna Channel 7:30pm",0
"खतरा वोट और सत्ता का है, डरपोक को जान का नहीं!",1
दुष्टो का भला नही होने वाला।,1
"चारों ओर से पिटाई जो हो रही है तो क्या करे सफाई तो देनी पड़ेगी, ऐसे झकलट हमारे यहां एक ढूंढो हजार मिलते हैं मूरख !",1
ये श्वेता और विशाल और कोई नहीं बल्कि रोज़ रात को आपके टीवी स्क्रीन पर दिखने वाले वो सभी एंकर एंकराओं का नफरती बीज हैं जिसे वो पिछले 7 साल से बो रहे हैं। अपने बच्चों को बचा लीजिए और टीवी बंद कर दीजिए🙏🏽 हाथ जोड़कर विनती है।,0
चंदा चोर हारेगा लोकतंत्र जीतेगा ।,1
"त्रिकाल दर्सी मोदी जी को समर्पित देश ऐसे देश द्रोहियों को कभी माफ नहीं करेगा,",1
जी पंजाब में यूँ छुप-छुपकर क्यों भाग रहे हो??,1
तुम जैसे लोग राजनीति करने के लायक नहीं है देश के प्रधानमंत्री भाग्यशाली रहे की भगवान राम ने उन्हें सुरक्षित दिल्ली पहुंचाया और मजाक उड़ा रहा है घमंड है कि राहुल गांधी सोनिया गांधी का बहुत खास है तुम जैसे लोगों को कांग्रेस पार्टी तुरंत निष्कासित करें,0
"बुद्धिहीन समझ नहीं सकता। मोदी को अपने जान की चिंता नहीं थी, मोदी को उन लाखों-लाख जानों की चिंता थी, जो खतरे में आ जाते। इंदिरा जी के मृत्यु से कुछ सीख लो। एक मूर्खमंत्री को इतनी सी समझ नहीं है। हमारे प्रधानमंत्री की सुरक्षा मूर्खों के बस का नहीं।",1
पीएम का रास्ता रोककर बहादुर बनने वाले उसी कौम के हैं जो तालिबानियों के डर के कारण पीएम जी से जान की भीख मांगते हुए कह रहे थे हमें एक बार बचा लो|,1
राजस्थान में महिलाओं का अपमान अक्षम्य॥ दही जम गई?,0
कुछ मंत्री विधायक इसलिए भी भाजपा छोड़ रहे हैं कि ऐसे मंत्री बनने से क्या फायदा है जब 5 साल मंत्री रहते हुए 50करोडध भी न लूट पायें । ना खाऊंगा ना खाने दूंगा,0
अगर ने नफरत की फैक्ट्री लगाई तो ने 84 के दंगों में सिखों को प्यार बांटा था क्या? बोलने से पहले अपने गिरेबान में भी झांक लिया करो। mature न होने की कसम खाके बैठे हो क्या?,1
हमने गुजरात से शेर भेजा था कभी पिछेहठ नही करता की राजनीति ने पता नही क्या बना % खालिस्तानी कुत्तों के सामने दूसरी बार घुटने टेके है एकबार फिर जाम्बवंत को हनुमान की शक्तिया याद कराने का समय आ गया है,1
"कांग्रेस नेता का केजरीवाल पर निशाना, कहा- दिल्‍ली तो ठगी जा चुकी, अब पंजाब को बचाना",0
"इस्लामिक स्टेट के केरल मॉड्यूल के आत्मघाती हमलावरों शिफा हारिस और मिज़ा सिद्दीकी से पूछताछ से पता चला है कि लगभग 3200- ISIS स्लीपर सेल केरल, भारत में काम कर रहे हैं। NIA की टीम ने इन दोनों को इस साल अगस्त में केरल के कन्नूर के थाना स्थित एक आवास से गिरफ्तार किया था",1
टोंटी भईया पत्रकार भी नहीं कह पा रहा पतकार बोल रहा है,0
चची को कस के चुममा रहेगा😉,0
"काँग्रेस वोटो से नही जीत पा रही तो, तो ओछी हरकतों पर उतर आई, लेकिन देश की जनता PM के अपमान का बदला ,आगामी चुनावों में वोट से लेगी यह सनद रहे !जय भाजपा",0
क्रिश्चियन मिशनरियों से प्रशिक्षण ले रहा है।,0
"बिकाऊ पत्रकार,गोदी मीडिया में इतनी हिम्मत नहीं की सरकार को सच्चाई का आईना दिखा सके,सीधे प्रधानमंत्री मोदी से सवाल कर सके।",1
"पीएम जिंदा हैं, कांग्रेस शर्मिंदा है ?",1
"ऐसी लडकी योंकी हिंदु विरोधी भुमिका के लिये इनके मा बाप जिम्मेदार होते मां बाप का सामाजिक बहिष्कार करा कर हिंदु धर्म सांसद की तरफ से उनको सजा और यातना दीलवानी बाकी हिंदू लडकी के माबाप,सगे रिश्तैदार अकल पायेंगे.",1
ठाकुर तेजपाल नागर आ रहा है 😁😜,0
गुड मर्निंग बन्धु,0
"वैसे औकात तो ढोंगी और तेरी भी कुछ नहीं है, अखिलेश के सामने",1
"हिजड़ा ओ नही होते है जो साड़ी पहनकर बजार भर में ताड़ी बजाकर पैसा वसूलते रहते है,,! हिजड़ा ओ होते है जो हिंदू होकर भी जय श्री राम बोलने में शर्माते है,,! चलो आज हम साबित ही कर दे रहे श्री राम🙏🏻⛳",1
"वाह रे मेरे पंजाब के साल, 700 से अधिक मौतों का एक ही झटके में हिसाब कर दिया!!!! कल ही बोडी बनाईं थीं आज बेइज़्ज़ती कर दिया!!!!! 😂 😂",0
"बोकारो: कोविशिल्ड का डोज पड़ते ही खड़ा हो गया चार साल से बेड पर पड़ा यह दुलारचंद मुंडा, जुबान भी लौट आयी",0
"चवन्नी छाप चन्नी सिक्को की खनक पर नाचने वाली के इशारों पर नाच रहा है, पर बेटे ये मोदी है और देश इनके साथ",1
चाहता तो गांव में बांस कर देता लेकिन वो 84वाला राजीव गांधी नही है,1
सब खोकली बाते है,0
तुझ जैसे बेवकूफ के बेवकूफी वाले सवालों का जवाब कोई गधा ही देगा। गृह मंत्रालय राज्य सरकार के साथ मिलकर ही किसी भी व्यक्ति को केंद्रीय बलों और राज्य बलों की सहायता से सुरक्षा प्रदान कर सकता है। इस समय पंजाब सरकार भारत के पीएम से ज्यादा इमरान खान को सुरक्षा देने के लिए तत्पर है।,1
सही पहचान रहे हैं आप उस धोखेबाज़ को।,1
ठग है केजरीवाल,1
"बिल्कुल सही कहा sir आपने, सत्ता की लालच में ही माफिया, गुंडा, दंगाई बीजेपी में शामिल हुए अब सत्ता जा रही है तो भाग रहे है",0
योगी उस बलात्कारी को मंत्री बना देते,0
गंगा मां का इतना अपमान सही नही मोदी जी ।।,0
"हजरत मोहम्मद जी को जिंदा महात्मा के रूप में कौन मिले थे? जानने के लिए इस्लामिक पुस्तक ""मुसलमान समझे नहीं ज्ञान कुरान"" की PDF Download करने के लिए QR Code Scan करें। पवित्र पुस्तक",0
अल्का जी आपका ही पहला गुर है ये पढ़ा लिखा ठग। 🤣🤣🤣,1
"साद को पकडनै को पकड भी ले पर सिर्फ कुछ दिन तक ही पकड़ कर रख सकते !!! कल एनजीओ की लिस्ट जारी हुआ देखी।हो तो उसमें उसका एनजीओ का लाईसेंस रद्द हो गया अब विदेशी फंड नहीं ले पायेगा, मोदीजी सांप का पकड़ से बैहतर समझा सांप के बिल को बंद कर दें न आमदनी होगी न ये कुछ कर पायेगा भुखे पेट तो",1
"कांग्रेस के पंजे से गया , जो हमारे साथ वो सही बाकी सब गलत , इस मानसिकता में ज़हर है ।।",0
मतलब भाजपा वालो से छापा मरवाया हद है भाई एक प्रदेश का मुख्यमंत्री रहे चुके व्यक्ति से ऐसा जवाब मतलब किसी के घर कोई पार्टी वाले छापे मरवाते है क्या।और एंकर भी सुन रही है कुछ नहीं बोली।,0
मोदी एक ड्रामेबाज पीएम है और उनके सारे मंत्री जोकर है जो कल से ड्रामा चालू कर दिए है,1
"📗अल खिज्र (अल कबीर) की विशेष जानकारी ? पवित्र पुस्तक ""मुसलमान नहीं समझे ज्ञान कुरान"" की PDF डाउनलोड करने के लिए QR Code Scan करें। पवित्र पुस्तक",0
"जाको राखे सांईया मार सके न कोय! बाल न बांका करी सके जो ""कांग्रेस"" बैरी होय!! कांग्रेस की जगह आप खालिस्तानी, पाकिस्तानी, भारतीय जिहादी, वामपंथी, इसाई धर्मांतरण कोई भी ले सकते हैं Note - Saaiyan isn't shirdi Sai or satya Sai in here. They came much later",1
तुम्हरा माथा ढ़क-ढक करता है,0
भाई साहब इस चोर निकम्मी कांग्रेस पार्टी के विरुद्ध भी एक टि्वट कर दिया करो ये चोर निकम्मी सरकार 2 महीने से मेरे बेरोजगार भाईयो को पागल बना रही है,1
"📗अल खिज्र (अल कबीर) की विशेष जानकारी ? पवित्र पुस्तक ""मुसलमान नहीं समझे ज्ञान कुरान"" की PDF डाउनलोड करने के लिए QR Code Scan करें।",0
गोदी मीडिया ने देश को बर्बाद कर दिया यदि सरकार सच को छिपा रही है तो यह काम मीडिया का है कि वो सच को देश के सामने रखे.,1
"इज्ज़त ही नही है,टोटी चोर की।",1
निठल्ले की बात नही है भाई वो तो राजनीतिज्ञ है अपनी कुर्सी के लिए हर दाव समझना हमे पड़ेगा ओर अपनो को समझाना भी पड़ेगा कि नाग से छुटकारा सिर्फ सपेरा दिला सकता है कोई तांत्रिक नही,1
कुछ सिटें तो हैं जहॉ बानिए( हिन्दु) vote है । लेकिन वह vote केजरिवाल ले जाएगा । अत: भाजपा 00/00 हीं रहती । लेकिन कैपटन अमरेन्दर और अकाली दल ( S) के साथ गठवंधन BJP को 8-12 सिट दिला सकता है,0
"भिखारी भगवान के नाम पर भी, भीख इंसानों से हीं मांगता हैं, क्योंकि ओ जानता हैं,भगवान का नाम कितना भी जप लो, पर मदद इंसान हीं करता",0
चन्नी जी तो चौका छक्का मारे जा रहे हैं। 😂🙏,1
दलाली खा कर पत्रकारिता करने वाला ऐंकर इसके अलावा क्या कर सकता हैं! ऐसे ऐंकर भगवान को भी अपने दलाली के लिये ग़लत खड़ा कर सकते हैं!,1
जो योगी विरोधी है वह हिंदू विरोधी है' जो हिन्दू विरोधी है वह योगी विरोधी है।,1
"वाह अदाकारा हो तो ऐसी वरना हो ही न, ""इतनी गंभीर,"" औरतों की लूटती इज्ज़त पे इनका ये तेवर कभी नहीं देखा किसी ने, झूठा नैरेटिव चला रही है भाजपा, एक दलित CM को अपमानित कर रही है, शुरुआत प्रधानमंत्री ने की है😐",1
और यह खुद इंग्लैंड की बुड्ढी महारानी से ब्याह कर के हिन्दुस्तान का राजा बनेगा 🤣🤣🤣🤣,1
"गधों से सभी को बराबर सावधान रहना चाहिए, फिर चाहे वो तानाशाह हो या मोदी",1
"📗अल खिज्र (अल कबीर) की विशेष जानकारी ? पवित्र  पुस्तक ""मुसलमान नहीं समझे ज्ञान कुरान"" की PDF डाउनलोड करने के लिए QR Code Scan करें।",0
Headline देख कर कन्फ्यूज हो गए कहना क्या चाहते हों वे।😃😃 वैसे सुअर में इंसान का दिल ये भी ठीक ही है 😜😜😜😜😜😜😜,1
जय श्री राम। जय हो योगी आदित्यनाथ जी। जातिबादी राजनीति समाप्त हो चुकी है। सभी लोग धोबी के कुत्ते हो जायेंगे।,1
पप्पू अनेकों बार अपनी नानी के घर गया पर उसकी एक बार भी नानी के साथ फोटो नहीं है क्या उसकी नानी मुँह दिखाने लायक नहीं है ?🤔,1
भायजी शक्ल से तो बहुत ही खतरनाक दिख रहे हैं। खैर आपके कहने से फॉलो तो कर लिया आगे अब भगवान जाने😂,0
"पुनर्जन्म की हकीकत क्या है ? इस्लामिक पुस्तक ""मुसलमान नहीं समझे ज्ञान कुरान"" की PDF डाउनलोड करने के लिए QR Code Scan करें। पवित्र पुस्तक",0
मुसलमानो के लाशों पर राजनीति नही जो जुल्म बरबरियत हुए उसको क्या हम भूल जाये हर चीज पिछड़े मुस्लिम उसका मुतालबा कर रहे तो जुल्म वह जो भी बात करते संविधान के दायरे में ही रहता है दूसरी बात कब समर्थन दिया बहन जरा बता दीजिए अरे माने कुछ भी लिख दोगे जो समझ आये.,1
ओवैसी भी मानता है कि UP- में योगी है इसलिए वो हिन्दुओ को कुछ नुकसान नही पहुचा सकता। काश हिंदुओ को यह बात समझ मे आ जाए,1
Bahm के पकोड़े लवड़े को मुह में डाल के घी की उल्टियां करवा दूंगा बनचोर,1
चार चवन्नी घोडे पे चन्नी मेरे,1
कितनी बेशर्मी से अरुण पूरी कोंग्रेस के साथ मिल कर ये नाटक करवाता है !पंजाबी दूसरे पंजाबी से हिंदी में नही पंजाबी में ही बात करता है ये भूल गए स्क्रीप्ट राइटर ? ये देश को मूर्ख बनाने का राजदीप जैसे छिछले व्यक्ति का ही दिमाग होगा!,1
देश थुकता है कांग्रेस की घटिया राजनीतिक पर,1
"शर्म कर ले शिल्पी , तेरे को भी इंदिरा को मुंह दिखाना है",1
सिख ही फालतू है 47 में फिर 84 में कत्लेआम करवाया और अब 2022 में?,1
"कां ग्रेस की हालत उस बेबस लाचार इंशान जैसी हो गई है, जिसकी शादी के 70 सालों के बाद भी कोई संतान ना हुई। पर वो पड़ोसी की शादी होने के 7 साल बाद ही एक दर्जन बच्चे की उम्मीद कर रहा है??😊",1
शर्म आनी चाहिए ऐसे घटिया मुख्यमंत्री को और उसकी कार्य शैली को पीएम की सुरक्षा में भी राजनीति खेल मुख्यमंत्री,1
गधे थोड़ी तो शर्म कर लो !,1
चौकीदार कायर है।,1
भाई यही सायना नेहवाल जैसों की वजह से जाटों को राजनीति खत्म चौधराहट खत्म ये संघिओ के तलवे चाट रहे हैं आप लिख रहे हैं विथ,1
चाटुकारिता तो दिखाई दी तुम्हारे ट्वीट से,1
चाटुक़ारिता की योग्यता…,1
"जिन सपाइयों की शिकायत खुद डिम्पल भौजी टीपू भैया से करती फिरती ह उंन सपाइयों के राज में अपनी बहन बेटियों की रक्षा कैसे करोगे यूपी वालो भूल से भी कोई ऐसी गलती मत कर देना की उसका खामियाजा अगले 5 साल आपके बच्चों को भोगना पड़े । सपाइयों का एक ही इलाज ह , योगी बाबा का लठ",1
कुछ चैनल वाले तो ऐसे बिलबिला रहे जो 700 किसानों पर मुंह में टेप चिपका कर बैठे रहे!! थू है गोदी मिडिया थू थू,1
पंजाब में चोर चोर चोर चोर हो रहा था कुछ दिन पहले।🤣🤣,1
"""सूपनखा ही नहीं, चलनीनखा भी"" ***",1
आप गधे को घोड़ा नही बना सकते है।,1
"अगर दलाल मीडिया चैनलों के सर्वे के अनुसार UP में भाजपा पूर्ण बहुमत की सरकार बना रही है,तो फिर भाजपा में भगदड़ क्यों मची हुई है?",1
"यहां रेट बढ़ने पर बढ़ सकता है कम होने पर कम नहीं होता, बेईमान सरकार - कमजोर सरकार",1
"माझी का समर्थन मूक दर्शक बनकर किया भजपायियों ने वो भी सूत समेत। गजेंद्र झा जी को निष्काषित करके। भजपायियों की औकात नहीं हुई, कि राम द्रोही जूतन माझी को बाहर करें, बल्कि उसे जवाब देने वाले ब्राह्मण को ही बाहर फेंक दिया सत्ता से। यही औकात है भजपायियों की।",1
इन सारे मंत्रीयो ने देश बेचकर खूब मुनाफा बटोरा ओर बिचोलियो ने देश मे महंगाई से जनता की कमर तोडी,1
भाड्या🙄,1
अरे भाई देश का प्रधानमंत्री है वो !🇮🇳💞 तुम्हारा भी प्रधानमंत्री है और तुम्हारे बाप का भी प्रधानमंत्री है !💯,1
"ओवैसी की ""पाल्टी"" का नया नारा है - ""दलित मुस्लिम साथ चलेगा, बाबर जैसा राज चलेगा""",1
पिल्लूओं के पप्पा का ड्रामा,0
सोनिया गांधी के पिल्ले बघेल ठाकरे गहलोत चिन्नी सिद्धू बिसवा कु कु क्यो कर रहे है जवाब दो तू तो बस भारत आ जा बाकी एजेंसिया तेरा स्वागत के लिए तैयार है लड़की हु लड़ सकती हूं अब कानून से लड़ना जब एजेंसिया पूछ ताछ करेगी।,1
"गोदी मीडिया और बीजेपी- पाकिस्तान, हिन्दू -मुसलमान , मंदिर- मस्जिद और धर्म के बिना एक कदम भी नहीं चल सकते।",1
लो स्वरा का कोरोना ठीक हो गया और उनके देश विरोधी स्वर बाहर आने लगे,1
थूक जेहादी,0
वो मारा पापड़ वाले को गजब,0
"इस छोरी के पेरेंट्स को अंकल से माफ़ी माँगनी चाइए, कितने बुरे संस्कार है",0
कौन है ये चन्नी तक ठीक से लिख नहीं सकता?,1
"कुत्ता भी समझदार है, उसको भी पता है मूतना कहाँ है। अब समझ आया मूर्ख कौन है? साफ बोलू तो मोदी भक्त।",1
"राहुल गांधी पर लेजर लाइट पड़ जाती है तो उसको चमचे आतंकवादी साजिश घोषित करार करने पर लग जाते हैं! लेकिन पीएम का काफिला 20 मिनट तक प्रदर्शनकारियों की वजह से रुका रहता है, तब वह साजिश नहीं कहलाता? कहां से लाते हो इतना दोगलापन?",1
जे धमकी खतरनाक है 🥰🤣😂,1
क्या गलवान घाटी मे बी जे पी के नेता खड़े है ? या आर एस एस के नेता खड़े है वहा भारतीय सेना खड़ी है तो पप्पू के मूत्रा चूषक भारतीय सेना पर सवाल क्यो उठा रहे है क्या चीन के कहने पर ?,1
देश में छुपे गद्दार आज अपनी गद्दारी का सर्टिफिकेट पोस्ट कर रहे थे आपने देखा क्या? या आपको दिखा नहीं!!!,1
"हज़रत मुहम्मद ने गोश्त (मांस) की करी मनाही, फिर भी मुसलमान भाई क्यों बने कसाई ? इस्लामिक पुस्तक ""मुसलमान नहीं समझे ज्ञान कुरान"" की PDF डाउनलोड करने के लिए QR Code Scan करें। पवित्र पुस्तक",0
चाय वाला नेतागिरी कर सकता है एक IAS नेताजी नही बन सकता कहा से लाते हो इतना मूर्खता,1
तुम्हारे जैसे कुछ सपोलें है अभी जो रुक रुक के फन उठा रहे है । जल्द ही कुचले जायेंगे ।,1
इसमें लल्लू का नाम छोड़ दिया है आपने,1
"यूं कहों फिर तो ""वाह तमिल के शर्म है कुछ",0
हिन्दू विरोधी सपाई ।,1
भिंडरवाले को किसने बनाया?,0
जिस तरह से चंडीगढ़ में मेयर के चुनाव में बेईमानी की गई इसी तरह ये विधानसभा चुनाव में भी करेंगे । इसलिए जी बोल रहें हैं । और कांग्रेस तो है ही साथ देने के लिए,1
गोड़से ने 1 को मारा। कसाब ने 267 को मारा। राजीव गांधी ने 17000 सिखों को मारा। नेहरू और जिन्ना ने 40 लाख हिंदुओ को मारा। फिर भी आतंकवादी गोड़से है। तो यकीन मानिए आप अपना मानसिक संतुलन खो चुके हैं। 😇😇,1
BBC की interview से भागने को भी विकास ही कहते हैं वैसे हो उस छप्पन इंच वाले फट्टू के पिछलग्गू 😂😅😂😅,1
"गलती बीम जनता पेटी की नही, गलती तो उन हिंदूओं की है जो झक मार के कुर्सीजीवी योके साथ देते",1
पंजाब महिमान नभाजी से और महिमानो की ईजत भी करतता है अगर महिमान गमनडी और पंजाब का ही भुरा चाहने वाला हो तो फिर उसको जूते मारने लिए भी सबसे आगे है और हम ऐसे नही भूलते दो गुना मोडते है फिर चाहे पयार या दुसमनी हो आगे से हलके मे ना लेना,0
फिर कांग्रेसियों की क्यों फटकर फ्लावर हो,1
"सर, आपकी पैनी नज़र से तो हलवाई का लौंडा इक्स्पोज़् हो गया।",1
आपका बस चले तो सारे देश वालों को एक साथ मरवा दे,1
"जी बिलकुल और आप क्या कर रहे हो😁😁 असल में गुलामी बोल कर नही आती,,,",1
यार ये मौलाना कब तक झूठा प्रचार करते रहेंगे चलो हम इनको एआईएमआईएम मे कोई पद देदें इनसे कहो अब चमचा गिरी करने की कोई जरूरत नही है आजाओ हम तुम्हे अपने कंधो पे बिठाएंगे नही तो वो तुम्हे धक्का देकर ऐसे ही बेइज्जत करते रहेंगे,1
बात राहुल गांधी जी की कभी थी ही नहीं 😁😁 राहुल जी मंदिर तो ये गुफा जी विदेश ये हिमालय जी नानी के पास तो ये ईरानी के पास मोदी को भिख इनके पेट में दर्द🤔,1
बगल में छोरा गांव में ढिंढोरा hehehehe,0
वो तुम्हे लड़की हूँ लड़ सकती हूं पर भटकाएँगे तुम जमीन चोर की बेगम पर अड़े रहना 😜😂,1
सत्य 🤣😝 पूरा परिवार जमानत पर है उसको तो पहले तिहाड़ भिजवाओ फिर सत्य की बात करो 😁 कुछ तो शर्म कर लो गद्दारो सिख हत्यारो को मुख्यमंत्री बनाते हो और सत्य की बात करते हो 😡,1
"कांग्रेस नेता और गुलाम तो मोदीजी की सुरक्षा को लेकर ऐसे बात कर रहे हैं जैसे वह पप्पू, पप्पी जैसा कोई सामान्य व्यक्ति हैं! उनपर हमला का मतलब है देश पर हमला करना! लेकिन सत्ताच्युत लोगों को इससे क्या फर्क पड़ता है! वो तो अगर खुद सत्ता में न रहें तो उनके लिए देश भार में जाये!",1
पुरे ब्रह्माण्ड का गंदा कचरा यानी कांग्रेस पार्टी और उनके चाटुकारो,1
"प्रधानमंत्री की कार पर हमला करने का दुःसाहस बहुत मंहगा पडता, SPG के यमदूत बिछाकर रख देते उन दुसाहसीयों को।",0
आंख का चश्मा टेस्ट करा कर देख वीडियो में क्या है और क्या सुनाई दे रहा है गोदी मीडिया चाटुकारिता,1
"गोदी मिडिया जो आजकल भाजपा के अघोषित प्रवक्ता बने अँकरीग करते बातें वो हमेशा, कॉंग्रेस के प्रवक्ता को सवाल पुछ कर हिंदू और हिंदुत्व का फ़र्क़ पुछते है, पर हिंदूस्थानियत समजना हो तो ज़रूर सुनिए-",1
सारे भाई जोर लगाए जोश के साथ रेलो ओर पेलो इन गधों को,1
"यादवों ने दलितों को घोड़ी से उतारा, मतलब ओबीसी भी शोषण कर रहे है, अब मुगलो को ट्राई मारकर देख लो, क्योकि इन नकली अम्बेडकरवादियों की दुकान बहुत जल्द बन्द होने वाली है",1
चन्नी की चवन्नी छाप हरकत ने कांग्रेस के ताबूत में कील ठोंकने का काम किया है,1
जब राजीप गांधी राजघाट गायथे और जंगलमे हलचल हुआ तो गोली क्यू चलिथी बोभी बोलदेते क्यू की चमचे तो तबभी पत्रकार भीथे 🤔🤔🤔,1
दलालों को सिर्फ गलत दिखता है। सही तो सिर्फ नॉन बीजेपी स्टेट में ही ढूंढते हैं,1
मोदी को भारत मे डर लग रहा हो तो मोदी के चमचों को सलाह दे देना चाहिए कि चले जाएं मोदी तालिबान के पास सुरक्षा के लिए।आखिर महंगाई पर सवाल पूछने पर मोदी के दुम हिलाने वाले नेता जनता को अफगानिस्तान ही तो भेज रहे थे पेट्रोल की कीमत का हवाला दे कर।,1
गांधी परिवार की चाटुकारिता के लिए कांग्रेसी PM की गरिमा तो क्या President की गरिमा से भी खिलवाड करेंगे।,1
बोर,0
गांधी नाम होने से विचार भी जैसे हो ये उम्मीद रखना गलत है। साक्षी जी आप टेंस मत होइए ये चड्डिधारी सोच वाले हमेशा दोगले होते है । gandhi जैसे,1
बेशरम होते है ऐसे लोग। काम निकालना हो तो पैरो में भी गिर लेंगे,1
"गोडसेवादी, गधेवादी और आतंकवादी ये सब भाई भाई है!",1
हा और आपको भी 20 no का pure leather का जुत्ता बनवा कर पब्लिक खोज रही है,0
चुड़ैल लग रही हो,1
"कुछ काँग्रेस के बिना कोढ़ी के नेता बोल रहे है कि भीड़ नहीं थी, तो जाने देते वहाँ। ओछी राजनीति करने की जरूरत क्या थी काँग्रेस के चाटुकार मुख्यमंत्री को? आप शब्द कोष में गाली कम लगती है। सरकार तो बर्खास्त होनी चाहिए। काँग्रेस भी ये ही करती।",1
फुल नौटंकीबाज़ है ये तेरा राजा बाबू स्कूल गया नहीं और कह रहा कि टीचर ने मारा 😂,0
देखो गद्दारों को,1
"उस पप्पू के 8000-80000 बयान घृणित और पीटने वाले हैं, अब तू बता उसका हम क्या करें फिर ???",1
"इस बड़बोले नेवला मौर्य की जमानत जप्त होगी इस बार, 5 साल तक सत्ता का आनंद लेता है और जब चुनाव की तारीख तय हो जाती है तब याद आता है कि अपमान हो रहा है ,ऐसा हो रहा है और वैसा हो रहा है, इस तरह के स्वार्थी नेता को वोट देना अपने वोट को बर्बाद करना है",1
आर्यन खान को 'दुलारने-पुचकारने' से फुर्सत मिले तभी तो कुछ अपने के बारे में बोल बेशर्म बॉलीवुड 😡,1
जी सा चूरमो भी स!,1
नेहरू का नाम न ही लो तो अच्छा है राम रहीम का बाप था सेक्स का पुजारी अंग्रेजो के दलाल,1
ग़द्दार है…. ऐसे ग़द्दारों की वजह से भारत की राजनीति गंदी होती जा रही है ऐसे कुत्तों को शर्म ज़रूर आनी चाहिए,1
😇: पाकिस्तान के इस्लामिक राष्ट्र से गांडी-नेहरू को कोई दिक्कत नही थी 🇮🇳 परन्तु भारत के हिन्दु राष्ट्र से बहुत दिक्कत थी! 🤥 क्यो? जबकि बटवारा धर्म के आधार पर ही स्वीकारा गया था । 😋 मोदी राज 1को काशी विश्वनाथ मंदिर में 5 लाख लोग पहुंचे और ताजमहल देखने 30000,1
एक बिंदु मैं भी जोड़ दूं। यह जो गिनती है ना यह भी एक ब्राह्मण आर्यभट्ट ने ही सुलभ की थी। लेकिन इन भांडों को लगता है कि यह भी इनके मोती पापा की वजह से ही है।,1
"एक,,एंकर,,तो इतने गुस्से में लग रही है जैसे,,विधवा,,होते होते बची",1
"ये चन्नी, ये सिद्धू इस मामले में अपना मुंह ही ना खोले तो अच्छा है",1
सवाल है जाति और व्‍यवसाय छुपा कर शादी के बदले ठगी करने का. इन हराम खोरों को कौन समझाए कि इसी फिल्म इंडस्ट्री ने 1936 में अछूत कन्या बना कर जातिवादी व्यवस्था पर सबसे बड़ी चोट की थी और उस फिल्म को बनाने वाले 90 परसेंट सामन्य वर्ग के लोग थे.,1
इसको भनक लग चुकी है की इस कार्यकाल के बाद घर ही बैठेगा। इसीलिए किसी के पीट पीछे बकवास ठोक रहा है।,1
लो जी भिखारी आने से पहले कटोरा खनकाते हुए👇🤣🤣,1
चन्द जयचंदो की वजह से ही ए बोल रहे हैं!,0
तुम जैसे कुत्ते दूर से भोक सकते है अगर एक बाप का है तोह सामने आकर देख,1
"वो तेरे पर ज्यादा सूट करता है,,, अखिलेश यादव के दलाल,,,",1
बार बार कहते हैं। उसे पप्पू समझने की भूल न करें। दिल्ली-6 देखे हो ? ‘गोबर’ नाम का पात्र याद है ?,1
और इस चोट्टे ने तो एक बार में ही ब्लॉक कर,1
जैसे आपकी वैल्यू दो कौड़ी की है। वही रहने वालीं है। चाटुकारिता करने से बढ़ नही जायेगी।,1
चोर चोर मौसेरे,1
"कांग्रेसी षडयंत्र देश में दंगा ‌कराने की थी जिसे मोदी जी ने विफल कर दिया। कांग्रेस ने देश के साथ गद्दारी की है। कांग्रेस देश द्रोही पार्टी है, और चमचे तलवा चाटने वाले हैं।इनको अपने आकाओं के आगे दुम हिलाते रहना ही प्रिय है।",1
अगर यही विस्फोट विपक्ष के सभा मे होता तो अभी तक दलाल मीडिया और सत्ताधारी भोपुचन्द भों भों सिंह हाय तौबा करके चिल्लाता,1
दलाली।,1
दुगल जुठी खुद की वाह वाही करे उसको सनातन मे नीच कनिष्ठ कहेते है चीन दल्ला केजरी,1
"पुलिस कस्टडी मैं मारे गए कासगंज के अल्ताफ़ की माँ का ध्यान कर लो कोंग्रेस की टिकट पर तो अधिकार उनका भी वनता है , औलाद तो उसकी भी गई पुलिस और BJP की चक्की में पिस कर।😔😔😔😔😔😔",1
चन्नी आदमी नही है जबकि प्रधान तो अलग दुनिया से आया है गोदी मीडिया।,1
"सेलिब्रेट नहीं करना हैं, याद करना हैं। ज़ुल्म को अपमान को पुरखों के संघर्ष को। और हजार लानत भेजना हैं औरंगज़ेब और उसकी आज कि जायज नाजायज औलादों को।",1
गांड मरने पे रो रहा है,1
जब गद्दार कांग्रेस और चीन के दलाल अपने देश में हों तो इन खालिस्तानियों से क्या डरना।😠,1
ये तोता भी 24 घंटे तय्यार रहता है। लगता है मुल्ला मुलायम जी के बेटे ने खूब मिर्ची खिलाई है।,1
"ये चवन्नी दिखता सिख है, इसाई धर्मका पालन करता है, और खुद को दलित बताता है",1
"एक गांधीवादी सोच के महान समाजसेवी नेता, अनशनकारी को जिस तरह ! 12 बजे रात में गिरफ्तारी के बाद , छिपाया जा रहा है! यह पुलिस की गुंडागर्दी नहीं तो और क्या है।? तालिबानी प्रशासन मुर्दाबाद",1
उनकी तो बढ़ गयी लेकिन तेरी छीन गयी 😅🤣 पारिवारिक चमचे,1
"हा कमीने , तेरे फेकू बाप से ये पूछ",1
तू जरूर मुले का डीएनए हे साले हरामि,1
गो माँस भकक्षक हिन्दू कैसे हो सकता है। बेमतलब बकवास बन्द करो।,1
सुनो सुवरो 2024 में भी तुम्हारा बाप आयेगा चाहो तो अपने पिछवाड़े का दम लगा लो 🤣🤣,1
तो इसके गोदी मीडिया काहे छटपटा रही है,0
"तुम जैसे पत्तल्कार चाटुकार और कर भी क्या सकते हो बुज़दिल भाईजान Mute,Block और इसके इलावा कुछ करने की औक़ात भी नही है।दलाली का खाने वाले बुज़दिल हो ही जाते हैं।",1
ये bstc का दलाल है,1
